MONTADOR,DATA_OPERACAO,CAIXA_HORA
Adilson José Gonçalves,2026-09-14,333.92374382399555
Adilson José Gonçalves,2026-09-16,387.01423756792076
Adilson José Gonçalves,2026-09-17,334.071661237785
Adilson José Gonçalves,2026-09-18,462.9522049115395
Adilson José Gonçalves,2026-09-21,494.63966950578873
Adilson José Gonçalves,2026-09-22,305.5350553505535
Adilson José Gonçalves,2026-09-23,593.8194632691786
Adilson José Gonçalves,2026-09-24,387.53159224936815
Adilson José Gonçalves,2026-09-25,287.6288659793815
Adilson José Gonçalves,2026-09-28,439.2525990446755
Adilson José Gonçalves,2026-09-29,379.07969271358735
Adilson José Gonçalves,2026-09-30,375.738826019702
Cleiton Aparecido Da Costa,2026-09-02,99.27611168562565
Denilton Batista Dos Santos,2026-09-08,201.7412630288167
Denilton Batista Dos Santos,2026-09-09,219.89730423620026
Denilton Batista Dos Santos,2026-09-10,200.94276094276094
Denilton Batista Dos Santos,2026-09-11,166.99316207725005
Denilton Batista Dos Santos,2026-09-14,158.86618950561692
Denilton Batista Dos Santos,2026-09-16,143.6579572446556
Denilton Batista Dos Santos,2026-09-17,195.965063353426
Denilton Batista Dos Santos,2026-09-18,197.89046653144015
Denilton Batista Dos Santos,2026-09-21,185.60055084563413
Denilton Batista Dos Santos,2026-09-22,203.33575054387236
Denilton Batista Dos Santos,2026-09-24,134.16353813753318
Denilton Batista Dos Santos,2026-09-25,137.17232488182208
Denilton Batista Dos Santos,2026-09-28,195.53989428643342
Felipe Rogerio Estevam Da Silva ,2026-09-08,327.17818349896004
Felipe Rogerio Estevam Da Silva ,2026-09-09,322.0232945091514
Felipe Rogerio Estevam Da Silva ,2026-09-10,289.1519250780437
Felipe Rogerio Estevam Da Silva ,2026-09-11,213.31316187594555
Felipe Rogerio Estevam Da Silva ,2026-09-14,378.50507360297274
Felipe Rogerio Estevam Da Silva ,2026-09-15,262.30655858511426
Felipe Rogerio Estevam Da Silva ,2026-09-16,322.95455946729146
Felipe Rogerio Estevam Da Silva ,2026-09-17,378.6593707250342
Felipe Rogerio Estevam Da Silva ,2026-09-21,434.9734908380616
Felipe Rogerio Estevam Da Silva ,2026-09-22,357.37134909596665
Felipe Rogerio Estevam Da Silva ,2026-09-23,470.1664532650448
Felipe Rogerio Estevam Da Silva ,2026-09-24,306.2187276626162
Felipe Rogerio Estevam Da Silva ,2026-09-28,381.3683175932652
Felipe Rogerio Estevam Da Silva ,2026-09-29,390.52692196947885
Felipe Rogerio Estevam Da Silva ,2026-09-30,309.9000674785515
Freelancer 01,2026-09-22,293.76107432621467
Freelancer 01,2026-09-23,393.285845264123
Freelancer 01,2026-09-25,307.93220338983053
Freelancer 01,2026-09-28,493.30717747519043
Freelancer 01,2026-09-30,366.4137754667121
Freelancer 02,2026-09-22,241.68844221105527
Freelancer 02,2026-09-23,241.76340925789862
Freelancer 02,2026-09-24,285.3321283325802
Freelancer 02,2026-09-25,231.25091871233278
Freelancer 02,2026-09-29,238.057094162761
Freelancer 02,2026-09-30,299.4879873966128
Freelancer 03,2026-09-23,548.9795918367347
Freelancer 03,2026-09-25,271.0299136719534
Freelancer 03,2026-09-28,262.45982429826444
Freelancer 04,2026-09-28,255.8600583090379
Freelancer 04,2026-09-30,274.30128563443265
Geraldo Teixeira Baia Junior,2026-09-02,256.6199293588783
Geraldo Teixeira Baia Junior,2026-09-03,133.62168686817884
Geraldo Teixeira Baia Junior,2026-09-04,266.68138661956283
Geraldo Teixeira Baia Junior,2026-09-10,345.0839865621501
Geraldo Teixeira Baia Junior,2026-09-14,363.6133723227693
Geraldo Teixeira Baia Junior,2026-09-15,160.68012752391073
Geraldo Teixeira Baia Junior,2026-09-17,121.97483059051306
Geraldo Teixeira Baia Junior,2026-09-21,397.0276008492569
Geraldo Teixeira Baia Junior,2026-09-24,249.2341092751176
Geraldo Teixeira Baia Junior,2026-09-25,260.3200324083451
Geraldo Teixeira Baia Junior,2026-09-28,251.20900960582975
Geraldo Teixeira Baia Junior,2026-09-29,267.0738916256158
Geraldo Teixeira Baia Junior,2026-09-30,391.41343741287983
Gianmiller Moraes,2026-09-04,151.04262624570808
Gianmiller Moraes,2026-09-07,183.70216089560012
Gianmiller Moraes,2026-09-08,239.55677350172763
Gianmiller Moraes,2026-09-09,145.00964660486565
Gianmiller Moraes,2026-09-10,138.50541928123218
Gianmiller Moraes,2026-09-11,129.63691647290287
Gianmiller Moraes,2026-09-14,154.35928877988962
Gianmiller Moraes,2026-09-15,123.26513393798777
Gianmiller Moraes,2026-09-16,154.21545667447307
Gianmiller Moraes,2026-09-17,146.6147859922179
Gianmiller Moraes,2026-09-18,189.2469902041427
Gianmiller Moraes,2026-09-21,158.79615265280793
Gianmiller Moraes,2026-09-22,178.65644543070405
Gianmiller Moraes,2026-09-23,167.75728732897085
Gianmiller Moraes,2026-09-24,237.40874792957487
Gianmiller Moraes,2026-09-25,169.83943055785466
Gianmiller Moraes,2026-09-28,148.1065212832879
Gianmiller Moraes,2026-09-29,169.74774935377485
Gianmiller Moraes,2026-09-30,242.75466284074605
Leonardo Caetano Rodrigues,2026-09-02,173.8437621453556
Leonardo Caetano Rodrigues,2026-09-08,358.53380396415963
Leonardo Caetano Rodrigues,2026-09-09,366.8608414239482
Leonardo Caetano Rodrigues,2026-09-10,322.34258632362895
Leonardo Caetano Rodrigues,2026-09-11,276.02734690877014
Leonardo Caetano Rodrigues,2026-09-14,346.687573500588
Leonardo Caetano Rodrigues,2026-09-15,369.5047073270569
Leonardo Caetano Rodrigues,2026-09-16,283.82518390307223
Leonardo Caetano Rodrigues,2026-09-17,390.7676425042401
Leonardo Caetano Rodrigues,2026-09-18,311.1732553705352
Leonardo Caetano Rodrigues,2026-09-21,493.6117170458087
Leonardo Caetano Rodrigues,2026-09-22,403.6644718007443
Leonardo Caetano Rodrigues,2026-09-23,410.3952355170547
Leonardo Caetano Rodrigues,2026-09-24,333.83411904885253
Leonardo Caetano Rodrigues,2026-09-25,351.634793337446
Leonardo Caetano Rodrigues,2026-09-28,376.036866359447
Leonardo Caetano Rodrigues,2026-09-29,287.70607630711254
Leonardo Caetano Rodrigues,2026-09-30,398.586912886391
Leonardo Miguel,2026-09-14,200.23174971031287
Leonardo Miguel,2026-09-18,372.7105553512321
Marcos Vinicio Alves Pessoa,2026-09-02,167.19554481454242
Marcos Vinicio Alves Pessoa,2026-09-03,188.44724409448818
Marcos Vinicio Alves Pessoa,2026-09-04,193.12325758215763
Marcos Vinicio Alves Pessoa,2026-09-07,262.07968039063365
Marcos Vinicio Alves Pessoa,2026-09-08,226.7745382384369
Marcos Vinicio Alves Pessoa,2026-09-09,181.18381451343217
Marcos Vinicio Alves Pessoa,2026-09-10,193.77910225367853
Marcos Vinicio Alves Pessoa,2026-09-11,233.71272334202328
Marcos Vinicio Alves Pessoa,2026-09-14,253.29657914953228
Marcos Vinicio Alves Pessoa,2026-09-15,174.89977576951824
Marcos Vinicio Alves Pessoa,2026-09-16,267.0442904489304
Marcos Vinicio Alves Pessoa,2026-09-17,201.7806148160591
Marcos Vinicio Alves Pessoa,2026-09-18,180.11206067123211
Marcos Vinicio Alves Pessoa,2026-09-21,314.1364161849711
Marcos Vinicio Alves Pessoa,2026-09-22,230.26521060842435
Marcos Vinicio Alves Pessoa,2026-09-23,204.47099453959956
Marcos Vinicio Alves Pessoa,2026-09-24,215.77981651376146
Marcos Vinicio Alves Pessoa,2026-09-25,237.68756910440686
Marcos Vinicio Alves Pessoa,2026-09-28,324.7706422018349
Marcos Vinicio Alves Pessoa,2026-09-30,171.8541380120098
Natan Silva Medeiros Júnior,2026-09-03,231.71942387501016
Natan Silva Medeiros Júnior,2026-09-04,206.67752442996743
Natan Silva Medeiros Júnior,2026-09-07,233.74360392753422
Natan Silva Medeiros Júnior,2026-09-08,186.64721872306572
Natan Silva Medeiros Júnior,2026-09-09,259.5834755889382
Natan Silva Medeiros Júnior,2026-09-10,147.6898244670119
Natan Silva Medeiros Júnior,2026-09-11,211.83298403998066
Natan Silva Medeiros Júnior,2026-09-14,199.40150189147988
Natan Silva Medeiros Júnior,2026-09-15,137.88631066977405
Natan Silva Medeiros Júnior,2026-09-16,186.4443354585581
Natan Silva Medeiros Júnior,2026-09-17,207.24296867651208
Natan Silva Medeiros Júnior,2026-09-18,291.3894130499553
Natan Silva Medeiros Júnior,2026-09-21,249.6437054631829
Natan Silva Medeiros Júnior,2026-09-22,236.70397892954568
Natan Silva Medeiros Júnior,2026-09-23,336.1511152789872
Natan Silva Medeiros Júnior,2026-09-24,267.03930131004364
Natan Silva Medeiros Júnior,2026-09-25,356.95083778309703
Natan Silva Medeiros Júnior,2026-09-28,223.04011777695987
Natan Silva Medeiros Júnior,2026-09-29,249.82817869415808
Natan Silva Medeiros Júnior,2026-09-30,278.4583314853417
Paulo Rozani Lopes Da Silva,2026-09-22,254.7539039335837
Paulo Rozani Lopes Da Silva,2026-09-23,211.49068322981367
Paulo Rozani Lopes Da Silva,2026-09-24,164.84294351865506
Paulo Rozani Lopes Da Silva,2026-09-25,209.36170212765958
Paulo Rozani Lopes Da Silva,2026-09-28,232.03454195494982
Paulo Rozani Lopes Da Silva,2026-09-30,211.31015103617844
Pedro Lucas Procópio dos Santos,2026-09-03,205.81583198707594
Pedro Lucas Procópio dos Santos,2026-09-04,121.57149504753042
Pedro Lucas Procópio dos Santos,2026-09-07,234.5116144856442
Pedro Lucas Procópio dos Santos,2026-09-08,248.13523875914953
Pedro Lucas Procópio dos Santos,2026-09-09,237.78324141138947
Pedro Lucas Procópio dos Santos,2026-09-10,206.98151950718685
Pedro Lucas Procópio dos Santos,2026-09-11,234.56970340388827
Pedro Lucas Procópio dos Santos,2026-09-14,254.1910797560684
Pedro Lucas Procópio dos Santos,2026-09-15,152.13903743315507
Pedro Lucas Procópio dos Santos,2026-09-16,263.93530997304583
Pedro Lucas Procópio dos Santos,2026-09-17,243.8680433140267
Pedro Lucas Procópio dos Santos,2026-09-18,172.2488038277512
Pedro Lucas Procópio dos Santos,2026-09-21,349.05505341002464
Pedro Lucas Procópio dos Santos,2026-09-22,249.8789346246974
Pedro Lucas Procópio dos Santos,2026-09-23,199.8645903859174
Pedro Lucas Procópio dos Santos,2026-09-24,172.82880480080016
Pedro Lucas Procópio dos Santos,2026-09-28,248.44025897586818
Pedro Lucas Procópio dos Santos,2026-09-29,311.73411711508027
Pedro Lucas Procópio dos Santos,2026-09-30,195.03227068257385
Wallace Christian Gomes Esteves   ,2026-09-10,282.8140703517588
Wallace Christian Gomes Esteves   ,2026-09-11,310.3579750052955
Wallace Christian Gomes Esteves   ,2026-09-14,400.0
Wanderson Felipe De Almeida Santos,2026-09-11,195.04956668121454
