"INÍCIO DA OPERAÇÃO","INÍCIO DO INTERVALO","FIM DO INTERVALO","FIM DA OPERAÇÃO","ULTIMO EMPILHAMENTO","DURAÇÃO","data_operacao"
2026-09-14 18:44:32.852,,,2026-09-15 04:25:25.047,2026-09-15 04:12:28.830,"09:40:52","2026-09-14"
2026-09-15 20:56:41.357,,,2026-09-16 03:30:00.000,2026-09-16 03:30:08.706,"06:33:18","2026-09-15"
2026-09-15 20:51:45.716,,,2026-09-15 23:26:53.763,,"02:35:08","2026-09-15"
2026-09-16 19:38:36.168,,,2026-09-17 04:32:46.633,2026-09-17 04:29:38.846,"08:54:10","2026-09-16"
2026-09-17 21:02:05.195,,,2026-09-18 04:21:12.588,2026-09-18 04:17:43.381,"07:19:07","2026-09-17"
2026-09-18 21:18:31.192,,,2026-09-19 03:38:48.627,2026-09-19 03:38:26.022,"06:20:17","2026-09-18"
2026-09-21 20:55:02.624,,,2026-09-22 05:00:00.000,2026-09-22 05:24:15.857,"08:04:57","2026-09-21"
2026-09-22 19:17:44.552,,,2026-09-23 02:36:21.217,2026-09-23 02:23:56.735,"07:18:36","2026-09-22"
2026-09-23 18:43:57.038,,,2026-09-24 05:00:00.000,2026-09-24 05:03:53.655,"10:16:02","2026-09-23"
2026-09-24 19:21:24.720,,,2026-09-25 04:11:06.883,2026-09-25 04:07:41.919,"08:49:42","2026-09-24"
2026-09-02 21:13:54.024,,,2026-09-03 21:18:53.064,2026-09-03 05:41:38.196,"00:04:59","2026-09-02"
2026-09-03 20:29:57.339,,,2026-09-04 05:32:49.504,2026-09-04 05:20:57.263,"09:02:52","2026-09-03"
2026-09-25 18:45:21.711,,,2026-09-26 02:53:49.942,2026-09-26 02:53:38.675,"08:08:28","2026-09-25"
2026-09-04 20:47:57.916,,,2026-09-05 03:39:30.670,2026-09-05 03:38:29.766,"06:51:32","2026-09-04"
2026-09-07 19:19:50.665,,,2026-09-08 02:59:10.602,2026-09-08 02:54:13.481,"07:39:19","2026-09-07"
2026-09-08 20:38:09.031,,,2026-09-09 23:26:25.291,2026-09-09 03:58:36.688,"02:48:16","2026-09-08"
2026-09-28 18:50:01.362,,,2026-09-29 04:25:33.457,2026-09-29 04:24:30.236,"09:35:32","2026-09-28"
2026-09-09 19:33:44.173,,,2026-09-10 05:30:00.000,2026-09-10 05:29:55.464,"09:56:15","2026-09-09"
2026-09-10 20:21:02.965,,,2026-09-11 03:47:50.919,2026-09-11 03:46:08.250,"07:26:47","2026-09-10"
2026-09-11 18:54:48.293,,,2026-09-12 04:16:17.182,2026-09-12 04:14:54.651,"09:21:28","2026-09-11"
2026-09-29 19:41:39.711,,,2026-09-30 01:08:32.280,2026-09-30 01:00:09.642,"05:26:52","2026-09-29"
