delivery_date,caixas_corretas,caixas_erradas
2026-09-03,3121.0,101
2026-09-04,3110.0,35
2026-09-05,817.0,5
2026-09-08,8310.0,89
2026-09-09,8081.0,76
2026-09-10,7257.0,33
2026-09-11,8432.0,58
2026-09-14,12519.0,91
2026-09-15,4370.0,40
2026-09-16,7706.0,116
2026-09-17,7708.0,13
2026-09-18,6115.0,50
2026-09-21,18446.0,163
2026-09-22,8951.0,65
2026-09-23,13503.0,22
2026-09-24,13278.0,95
2026-09-25,8207.0,30
2026-09-28,17703.0,85
2026-09-29,7773.0,16
2026-09-30,21373.0,106
2026-10-01,10983.0,65
2026-10-02,10061.0,93
2026-10-05,13814.0,82
2026-10-06,8833.0,58
