"load_id","client_name","integration_id","load_code","delivery_date","locality_name","vehicle_name","dock","assembled_percentage","checked_percentage","loaded_percentage","load_status_name","load_weight","vehicle_weight_capacity","vehicle_weight_occupation","returnable_quantity_boxes","mix_quantity_boxes","quantity_boxes","returnable_assembler_quantity","mix_assembler_quantity","checker","checking_time","checker_under_count_error_quantity","checker_over_count_error_quantity","checker_total_error_quantity","checker_2","checking_time_2","checker_2_under_count_error_quantity","checker_2_over_count_error_quantity","checker_2_total_error_quantity","checker_3","checking_time_3","checker_3_under_count_error_quantity","checker_3_over_count_error_quantity","checker_3_total_error_quantity","loading_time","operation_time","created_at","updated_at","checking_time_total"
492,GULA GULA,"000-7180501","7180501",2026-09-05,MATRIZ,RFP8G80,"01",100.0,100.0,100.0,Finalizado,548.05,1000000.0,0.0,149,400,537,0,0,Wallace Christian Gomes Esteves   ,27.65,0,0,0,,,,,,,,,,,6.01,7.28,2026-09-30 10:27:22.319 -0300,2026-09-30 10:27:22.319 -0300,27.65
542,AÇOUGUE 2 IRMÃOS,"000-7131101","7131101",2026-09-11,MATRIZ,JXS4C69,"1",100.0,100.0,100.0,Finalizado,699.0,1000000.0,0.0,160,539,575,0,0,Wallace Christian Gomes Esteves   ,24.30,0,0,0,,,,,,,,,,,4.61,9.73,2026-09-30 10:27:22.319 -0300,2026-09-30 10:27:22.319 -0300,24.3
655,REST POPULAR,"000-7292401","7292401",2026-09-24,MATRIZ,OWV5H27,"5",100.0,100.0,100.0,Finalizado,1540.0,1000000.0,0.0,470,1070,1428,0,0,Wallace Christian Gomes Esteves   ,89.05,0,0,0,,,,,,,,,,,3.47,8.92,2026-09-30 10:27:22.319 -0300,2026-09-30 10:27:22.319 -0300,89.05
474,SACOLAO PRISCILA,"000-7380201","7380201",2026-09-02,MATRIZ,KKJ5250,NAO MONTAR,100.0,100.0,100.0,Finalizado,969.0,1000000.0,0.0,101,868,947,0,0,João Victor Silva Leal,135.72,0,0,0,,,,,,,,,,,22.19,9.30,2026-09-30 10:27:22.319 -0300,2026-09-30 10:27:22.319 -0300,135.72
546,ALTAIR TAVARES GARCIA,"000-7191101","7191101",2026-09-11,MATRIZ,KZX0905,"2",100.0,100.0,100.0,Finalizado,666.0,1000000.0,0.0,231,435,638,0,0,Wallace Christian Gomes Esteves   ,74.02,0,0,0,,,,,,,,,,,5.02,9.73,2026-09-30 10:27:22.319 -0300,2026-09-30 10:27:22.319 -0300,74.02
545,HORTIFRUT CALCADAO,"000-7181101","7181101",2026-09-11,MATRIZ,RFP8G80,"3",100.0,100.0,100.0,Finalizado,473.0,1000000.0,0.0,194,279,462,0,0,Luciano Costa De Aguilar,66.10,0,0,0,,,,,,,,,,,4.45,9.73,2026-09-30 10:27:22.319 -0300,2026-09-30 10:27:22.319 -0300,66.1
479,MEXIDAO DA TIA DELMA,"000-7180301","7180301",2026-09-03,MATRIZ,RFP8G80,"4",100.0,100.0,100.0,Finalizado,572.0,1000000.0,0.0,193,379,565,0,0,Alexsander Campos Silva,29.38,0,0,0,,,,,,,,,,,3.84,9.98,2026-09-30 10:27:22.319 -0300,2026-09-30 10:27:22.319 -0300,29.38
480,EURIDES BAR,"000-7380301","7380301",2026-09-03,MATRIZ,KKJ5250,"1",100.0,100.0,100.0,Finalizado,511.0,1000000.0,0.0,164,347,504,0,0,Alexsander Campos Silva,110.22,0,0,0,,,,,,,,,,,5.57,9.98,2026-09-30 10:27:22.319 -0300,2026-09-30 10:27:22.319 -0300,110.22
485,PADARIA E PIZZARIA PRA VER E C,"000-7370401","7370401",2026-09-04,MATRIZ,KKJ5170,"02",100.0,100.0,100.0,Finalizado,533.0,1000000.0,0.0,165,368,521,0,0,Wallace Christian Gomes Esteves   ,36.05,0,0,0,,,,,,,,,,,4.74,6.98,2026-09-30 10:27:22.319 -0300,2026-09-30 10:27:22.319 -0300,36.05
624,SABOR NATURAL,"000-7232201","7232201",2026-09-22,MATRIZ,TCB7H85,"5",100.0,100.0,100.0,Finalizado,587.0,1000000.0,0.0,141,446,547,0,0,Wallace Christian Gomes Esteves   ,22.73,0,0,0,,,,,,,,,,,4.26,7.78,2026-09-30 10:27:22.319 -0300,2026-09-30 10:27:22.319 -0300,22.73
552,POUSADA ALTO DA CAT,"000-7371401","7371401",2026-09-14,MATRIZ,KKJ5170,"1",100.0,100.0,100.0,Finalizado,1096.5555555555557,1000000.0,0.0,135,966,1042,0,0,Alexsander Campos Silva,135.95,0,0,0,,,,,,,,,,,3.66,10.20,2026-09-30 10:27:22.319 -0300,2026-09-30 10:27:22.319 -0300,135.95
588,SUP JUJU,"000-7241701","7241701",2026-09-17,MATRIZ,TCB7I34,"6",100.0,100.0,100.0,Finalizado,632.0,1000000.0,0.0,193,439,591,0,0,Wallace Christian Gomes Esteves   ,13.77,0,0,0,,,,,,,,,,,3.10,7.82,2026-09-30 10:27:22.319 -0300,2026-09-30 10:27:22.319 -0300,13.77
481,GAUCHAO DO RENI,"000-7130401","7130401",2026-09-04,MATRIZ,JXS4C69,"04",100.0,100.0,100.0,Finalizado,578.05,1000000.0,0.0,149,430,568,0,0,Wallace Christian Gomes Esteves   ,148.98,0,0,0,,,,,,,,,,,5.77,6.98,2026-09-30 10:27:22.319 -0300,2026-09-30 10:27:22.319 -0300,148.98
533,THALLES BAR,"000-7231101","7231101",2026-09-11,MATRIZ,TCB7H85,"3",100.0,100.0,100.0,Finalizado,710.0,1000000.0,0.0,160,550,684,0,0,Wallace Christian Gomes Esteves   ,32.85,0,0,0,,,,,,,,,,,3.17,9.73,2026-09-30 10:27:22.319 -0300,2026-09-30 10:27:22.319 -0300,32.85
478,FRANGOLITO GV,"000-7120301","7120301",2026-09-03,MATRIZ,DJB5C58,"2",100.0,100.0,100.0,Finalizado,827.05,1000000.0,0.0,100,728,814,0,0,Alexsander Campos Silva,45.72,0,0,0,,,,,,,,,,,5.61,9.98,2026-09-30 10:27:22.319 -0300,2026-09-30 10:27:22.319 -0300,45.72
574,REST DO TETEIA,"000-7301602","7301602",2026-09-16,MATRIZ,OWV8A20,"6-7",100.0,100.0,100.0,Paletização,361.0,1000000.0,0.0,28,333,288,0,0,Alexsander Campos Silva,29.55,0,0,0,,,,,,,,,,,2.42,9.55,2026-09-30 10:27:22.319 -0300,2026-09-30 10:27:22.319 -0300,29.55
486,MERCEARIA DA ILZA,"000-7380401","7380401",2026-09-04,MATRIZ,KKJ5250,"3",100.0,100.0,100.0,Finalizado,306.0,1000000.0,0.0,150,156,301,0,0,Wallace Christian Gomes Esteves   ,11.23,0,0,0,,,,,,,,,,,4.47,6.98,2026-09-30 10:27:22.319 -0300,2026-09-30 10:27:22.319 -0300,11.23
674,MERCADINHO DO CANECO,"000-7142501","7142501",2026-09-25,MATRIZ,HAI2518,"3",100.0,100.0,100.0,Finalizado,437.0,1000000.0,0.0,182,255,437,0,0,Alexsander Campos Silva,33.32,0,0,0,,,,,,,,,,,2.08,8.42,2026-09-30 10:27:22.319 -0300,2026-09-30 10:27:22.319 -0300,33.32
471,MERCEARIA SOARES,"000-7410201","7410201",2026-09-02,MATRIZ,OWQ4406,,100.0,100.0,100.0,Finalizado pelo Operador,796.0,1000000.0,0.0,229,567,779,0,0,Alexsander Campos Silva,248.42,0,0,0,,,,,,,,,,,,9.30,2026-09-30 10:27:22.319 -0300,2026-09-30 10:27:22.319 -0300,248.42
667,REST DO TETEIA,"000-7192401","7192401",2026-09-24,MATRIZ,KZX0905,"4",100.0,100.0,100.0,Finalizado,909.0,1000000.0,0.0,114,795,808,0,0,Wallace Christian Gomes Esteves   ,46.15,0,0,0,,,,,,,,,,,6.19,8.92,2026-09-30 10:27:22.319 -0300,2026-09-30 10:27:22.319 -0300,46.15
483,EVERALDO DE MAGALHAES MOREIRA,"000-7240401","7240401",2026-09-04,MATRIZ,TCB7I34,"06",100.0,100.0,100.0,Finalizado,628.0,1000000.0,0.0,158,470,621,0,0,Wallace Christian Gomes Esteves   ,52.58,0,0,0,,,,,,,,,,,4.73,6.98,2026-09-30 10:27:22.319 -0300,2026-09-30 10:27:22.319 -0300,52.58
482,ALTAIR TAVARES GARCIA,"000-7190401","7190401",2026-09-04,MATRIZ,KZX0905,"01",100.0,100.0,100.0,Finalizado,485.0,1000000.0,0.0,189,296,477,0,0,Wallace Christian Gomes Esteves   ,19.22,0,0,0,,,,,,,,,,,4.46,6.98,2026-09-30 10:27:22.319 -0300,2026-09-30 10:27:22.319 -0300,19.22
476,SUP COIMBRA,"000-7250301","7250301",2026-09-03,MATRIZ,TCL0I17,"6",100.0,100.0,100.0,Finalizado,610.0,1000000.0,0.0,188,422,576,0,0,Alexsander Campos Silva,34.73,0,0,0,,,,,,,,,,,7.75,9.98,2026-09-30 10:27:22.319 -0300,2026-09-30 10:27:22.319 -0300,34.73
510,BAR DO PAULO,"000-7250901","7250901",2026-09-09,MATRIZ,TCL0I17,"3",100.0,100.0,100.0,Finalizado,1199.0,1000000.0,0.0,386,813,1174,0,0,Wallace Christian Gomes Esteves   ,83.90,0,0,0,,,,,,,,,,,5.20,10.43,2026-09-30 10:27:22.319 -0300,2026-09-30 10:27:22.319 -0300,83.9
518,WILSON SOUZA DIAS,"000-7190901","7190901",2026-09-09,MATRIZ,KZX0905,"5",100.0,100.0,100.0,Finalizado,525.0,1000000.0,0.0,208,317,493,0,0,Wallace Christian Gomes Esteves   ,30.50,0,0,0,,,,,,,,,,,7.28,10.43,2026-09-30 10:27:22.319 -0300,2026-09-30 10:27:22.319 -0300,30.5
475,PADARIA BETEL,"000-7240301","7240301",2026-09-03,MATRIZ,TCB7I34,"7",100.0,100.0,100.0,Finalizado,769.0,1000000.0,0.0,242,527,758,0,0,Alexsander Campos Silva,35.40,0,0,0,,,,,,,,,,,8.47,9.98,2026-09-30 10:27:22.319 -0300,2026-09-30 10:27:22.319 -0300,35.4
502,BAR DO GECIMAR,"000-7140801","7140801",2026-09-08,MATRIZ,HAI2518,"2",100.0,100.0,100.0,Finalizado,589.0,1000000.0,0.0,168,421,581,0,0,Wallace Christian Gomes Esteves   ,25.88,0,0,0,,,,,,,,,,,6.09,7.52,2026-09-30 10:27:22.319 -0300,2026-09-30 10:27:22.319 -0300,25.88
484,BAR DO ARMANDO,"000-7250401","7250401",2026-09-04,MATRIZ,TCL0I17,"01",100.0,100.0,100.0,Finalizado,670.0,1000000.0,0.0,228,442,657,0,0,Wallace Christian Gomes Esteves   ,132.75,0,0,0,,,,,,,,,,,6.14,6.98,2026-09-30 10:27:22.319 -0300,2026-09-30 10:27:22.319 -0300,132.75
530,BAR DO ALAESSE,"000-7411101","7411101",2026-09-11,MATRIZ,OWQ4406,"3",100.0,100.0,100.0,Finalizado,657.0,1000000.0,0.0,204,453,644,0,0,Alexsander Campos Silva,19.62,0,0,0,,,,,,,,,,,8.73,9.73,2026-09-30 10:27:22.319 -0300,2026-09-30 10:27:22.319 -0300,19.62
501,BUTECO DO DANI LTDA,"000-7130801","7130801",2026-09-08,MATRIZ,JXS4C69,"1",100.0,100.0,100.0,Finalizado,1241.0,1000000.0,0.0,121,1120,1237,0,0,Alexsander Campos Silva,102.10,0,0,0,,,,,,,,,,,23.59,7.52,2026-09-30 10:27:22.319 -0300,2026-09-30 10:27:22.319 -0300,102.1
498,MERCEARIA ARAUJO,"000-7410501","7410501",2026-09-05,MATRIZ,OWQ4406,"02",100.0,100.0,100.0,Finalizado,464.0,1000000.0,0.0,105,359,463,0,0,Wallace Christian Gomes Esteves   ,37.70,0,0,0,,,,,,,,,,,4.26,7.28,2026-09-30 10:27:22.319 -0300,2026-09-30 10:27:22.319 -0300,37.7
524,PANIFICADORA GUERRA,"000-7181001","7181001",2026-09-10,MATRIZ,RFP8G80,"03",100.0,100.0,100.0,Finalizado,473.0,1000000.0,0.0,162,311,447,0,0,Alexsander Campos Silva,61.92,0,0,0,,,,,,,,,,,6.72,7.67,2026-09-30 10:27:22.319 -0300,2026-09-30 10:27:22.319 -0300,61.92
512,SUPERMERCADO BONIFACIO,"000-7410901","7410901",2026-09-09,MATRIZ,OWQ4406,"1",100.0,100.0,100.0,Finalizado,797.0,1000000.0,0.0,230,567,768,0,0,Alexsander Campos Silva,31.00,0,0,0,,,,,,,,,,,5.65,10.43,2026-09-30 10:27:22.319 -0300,2026-09-30 10:27:22.319 -0300,31.0
508,SUPERMERCADO VALENTE,"000-7410801","7410801",2026-09-08,MATRIZ,OWQ4406,"3",100.0,100.0,100.0,Finalizado,479.0,1000000.0,0.0,192,287,479,0,0,Wallace Christian Gomes Esteves   ,37.93,0,0,0,,,,,,,,,,,3.12,7.52,2026-09-30 10:27:22.319 -0300,2026-09-30 10:27:22.319 -0300,37.93
555,MERC. MARATAIZES,"000-7141401","7141401",2026-09-14,MATRIZ,HAI2518,"4",100.0,100.0,100.0,Finalizado,545.0,1000000.0,0.0,178,367,538,0,0,Alexsander Campos Silva,134.40,0,0,0,,,,,,,,,,,3.94,10.20,2026-09-30 10:27:22.319 -0300,2026-09-30 10:27:22.319 -0300,134.4
647,BAR CURRAL DE BOI,"000-7182301","7182301",2026-09-23,MATRIZ,RFP8G80,"8",100.0,100.0,100.0,Finalizado,824.0,1000000.0,0.0,176,648,815,0,0,Wallace Christian Gomes Esteves   ,67.07,0,0,0,,,,,,,,,,,6.44,10.77,2026-09-30 10:27:22.319 -0300,2026-09-30 10:27:22.319 -0300,67.07
536,RESTAURANTE DA ROSILENE,"000-7251101","7251101",2026-09-11,MATRIZ,TCL0I17,"5",100.0,100.0,100.0,Finalizado,792.0,1000000.0,0.0,184,608,772,0,0,Leonardo Miguel,188.30,0,0,0,,,,,,,,,,,6.56,9.73,2026-09-30 10:27:22.319 -0300,2026-09-30 10:27:22.319 -0300,188.3
506,BANETTON ATELIE DOS PAES,"000-7370801","7370801",2026-09-08,MATRIZ,KKJ5170,"3",100.0,100.0,100.0,Finalizado,915.0,1000000.0,0.0,151,764,896,0,0,Wallace Christian Gomes Esteves   ,120.00,0,0,0,,,,,,,,,,,4.17,7.52,2026-09-30 10:27:22.319 -0300,2026-09-30 10:27:22.319 -0300,120.0
538,SUPERMERCADOS AMARAL LTDA,"000-7271101","7271101",2026-09-11,MATRIZ,TCX9E62,"5",100.0,100.0,100.0,Finalizado,1392.6527777777776,1000000.0,0.0,435,993,1385,0,0,Wallace Christian Gomes Esteves   ,150.28,0,0,0,,,,,,,,,,,4.57,9.73,2026-09-30 10:27:22.319 -0300,2026-09-30 10:27:22.319 -0300,150.28
656,MASCATIM COMERCIAL,"000-7302401","7302401",2026-09-24,MATRIZ,OWV8A20,"4",100.0,100.0,100.0,Finalizado,1601.0,1000000.0,0.0,286,1315,1348,0,0,Alexsander Campos Silva,63.37,0,0,0,,,,,,,,,,,3.22,8.92,2026-09-30 10:27:22.319 -0300,2026-09-30 10:27:22.319 -0300,63.37
572,EDNA,"000-7401501","7401501",2026-09-15,MATRIZ,PUN0E10,"04",100.0,100.0,100.0,Finalizado,693.9722222222222,1000000.0,0.0,411,342,677,0,0,Alexsander Campos Silva,49.07,0,0,0,,,,,,,,,,,3.97,6.85,2026-09-30 10:27:22.319 -0300,2026-09-30 10:27:22.319 -0300,49.07
565,OLIVEIRAS BAR,"000-7121501","7121501",2026-09-15,MATRIZ,DJB5C58,"2",100.0,100.0,100.0,Finalizado,445.0,1000000.0,0.0,189,256,423,0,0,Alexsander Campos Silva,30.93,0,0,0,,,,,,,,,,,2.48,6.85,2026-09-30 10:27:22.319 -0300,2026-09-30 10:27:22.319 -0300,30.93
541,ASSIM E ASSADO,"000-7121101","7121101",2026-09-11,MATRIZ,DJB5C58,"2",100.0,100.0,100.0,Finalizado,64.0,1000000.0,0.0,20,44,63,0,0,Wallace Christian Gomes Esteves   ,6.53,0,0,0,,,,,,,,,,,4.76,9.73,2026-09-30 10:27:22.319 -0300,2026-09-30 10:27:22.319 -0300,6.53
494,BAR DA FABIANA,"000-7240501","7240501",2026-09-05,MATRIZ,TCB7I34,"01",100.0,100.0,100.0,Finalizado,970.0999999999999,1000000.0,0.0,176,796,910,0,0,Wallace Christian Gomes Esteves   ,47.35,0,0,0,,,,,,,,,,,3.70,7.28,2026-09-30 10:27:22.319 -0300,2026-09-30 10:27:22.319 -0300,47.35
517,BAR CURRAL DE BOI,"000-7180901","7180901",2026-09-09,MATRIZ,RFP8G80,"4",100.0,100.0,100.0,Finalizado,627.05,1000000.0,0.0,154,474,621,0,0,Wallace Christian Gomes Esteves   ,78.95,0,0,0,,,,,,,,,,,7.88,10.43,2026-09-30 10:27:22.319 -0300,2026-09-30 10:27:22.319 -0300,78.95
505,PAULO ROBERTO DE SOUZA 61468568604,"000-7240801","7240801",2026-09-08,MATRIZ,TCB7I34,"4",100.0,100.0,100.0,Finalizado,943.0,1000000.0,0.0,189,754,850,0,0,Wallace Christian Gomes Esteves   ,64.32,0,0,0,,,,,,,,,,,3.44,7.52,2026-09-30 10:27:22.319 -0300,2026-09-30 10:27:22.319 -0300,64.32
580,MARLI PATROCINIO,"000-7141601","7141601",2026-09-16,MATRIZ,HAI2518,"2",100.0,100.0,100.0,Finalizado,633.0,1000000.0,0.0,195,438,630,0,0,Alexsander Campos Silva,97.10,0,0,0,,,,,,,,,,,4.57,9.55,2026-09-30 10:27:22.319 -0300,2026-09-30 10:27:22.319 -0300,97.1
550,MERCEARIA OLIVEIRA,"000-7231401","7231401",2026-09-14,MATRIZ,TCB7H85,"4",100.0,100.0,100.0,Finalizado,785.7166666666667,1000000.0,0.0,280,512,780,0,0,Wallace Christian Gomes Esteves   ,65.32,0,0,0,,,,,,,,,,,4.41,10.20,2026-09-30 10:27:22.319 -0300,2026-09-30 10:27:22.319 -0300,65.32
511,STOP RAPIDOS,"000-7290901","7290901",2026-09-09,MATRIZ,OWV5H27,"5",100.0,100.0,100.0,Finalizado,755.2499999999999,1000000.0,0.0,77,683,720,0,0,Alexsander Campos Silva,130.30,0,0,0,,,,,,,,,,,7.08,10.43,2026-09-30 10:27:22.319 -0300,2026-09-30 10:27:22.319 -0300,130.3
515,FLAVIA BRUNA MOREIRA DOS SANTOS,"000-7140901","7140901",2026-09-09,MATRIZ,HAI2518,"2",100.0,100.0,100.0,Finalizado,611.0,1000000.0,0.0,180,431,597,0,0,Alexsander Campos Silva,76.63,0,0,0,,,,,,,,,,,7.23,10.43,2026-09-30 10:27:22.319 -0300,2026-09-30 10:27:22.319 -0300,76.63
525,RESTAURANTE 2 IRMAOS,"000-7191001","7191001",2026-09-10,MATRIZ,KZX0905,"02",100.0,100.0,100.0,Finalizado,581.0,1000000.0,0.0,244,337,567,0,0,Wallace Christian Gomes Esteves   ,50.20,0,0,0,,,,,,,,,,,6.34,7.67,2026-09-30 10:27:22.319 -0300,2026-09-30 10:27:22.319 -0300,50.2
500,FRANGOLITO GV,"000-7120801","7120801",2026-09-08,MATRIZ,DJB5C58,"2",100.0,100.0,100.0,Finalizado,1138.0,1000000.0,0.0,78,1060,1116,0,0,Wallace Christian Gomes Esteves   ,36.98,0,0,0,,,,,,,,,,,3.98,7.52,2026-09-30 10:27:22.319 -0300,2026-09-30 10:27:22.319 -0300,36.98
504,RESTAURANTE PITADA,"000-7190801","7190801",2026-09-08,MATRIZ,KZX0905,"4",100.0,100.0,100.0,Finalizado,1228.0,1000000.0,0.0,221,1007,1226,0,0,Wallace Christian Gomes Esteves   ,45.28,0,0,0,,,,,,,,,,,3.43,7.52,2026-09-30 10:27:22.319 -0300,2026-09-30 10:27:22.319 -0300,45.28
562,BAR DO ALCIR,"000-7411401","7411401",2026-09-14,MATRIZ,OWQ4406,"3",100.0,100.0,100.0,Finalizado,432.0,1000000.0,0.0,114,318,426,0,0,Alexsander Campos Silva,42.37,0,0,0,,,,,,,,,,,2.93,10.20,2026-09-30 10:27:22.319 -0300,2026-09-30 10:27:22.319 -0300,42.37
513,BAR DO GASTAO,"000-7120901","7120901",2026-09-09,MATRIZ,DJB5C58,"2",100.0,100.0,100.0,Finalizado,656.1666666666666,1000000.0,0.0,200,486,633,0,0,Wallace Christian Gomes Esteves   ,54.77,0,0,0,,,,,,,,,,,5.36,10.43,2026-09-30 10:27:22.319 -0300,2026-09-30 10:27:22.319 -0300,54.77
514,MERCEARIA MENEZES,"000-7130901","7130901",2026-09-09,MATRIZ,JXS4C69,"1",100.0,100.0,100.0,Finalizado,494.0,1000000.0,0.0,198,296,474,0,0,Alexsander Campos Silva,85.40,0,0,0,,,,,,,,,,,6.48,10.43,2026-09-30 10:27:22.319 -0300,2026-09-30 10:27:22.319 -0300,85.4
547,MERCEARIA DA ILZA,"000-7381101","7381101",2026-09-11,MATRIZ,KKJ5250,"1",100.0,100.0,100.0,Finalizado,318.0,1000000.0,0.0,138,180,312,0,0,Leonardo Miguel,32.98,0,0,0,,,,,,,,,,,5.13,9.73,2026-09-30 10:27:22.319 -0300,2026-09-30 10:27:22.319 -0300,32.98
516,NU JAPA SUSHI BAR,"000-7150901","7150901",2026-09-09,MATRIZ,MQU8E71,"3",100.0,100.0,100.0,Finalizado,768.0,1000000.0,0.0,135,633,764,0,0,Wallace Christian Gomes Esteves   ,135.42,0,0,0,,,,,,,,,,,7.91,10.43,2026-09-30 10:27:22.319 -0300,2026-09-30 10:27:22.319 -0300,135.42
519,BOA MESA REST PIZZ,"000-7380901","7380901",2026-09-09,MATRIZ,KKJ5250,"2",100.0,100.0,100.0,Finalizado,888.0,1000000.0,0.0,182,706,884,0,0,Wallace Christian Gomes Esteves   ,57.18,0,0,0,,,,,,,,,,,7.86,10.43,2026-09-30 10:27:22.319 -0300,2026-09-30 10:27:22.319 -0300,57.18
693,MERC. MARATAIZES,"000-7142801","7142801",2026-09-28,MATRIZ,HAI2518,"8",100.0,100.0,100.0,Finalizado,774.2916666666666,1000000.0,0.0,119,657,772,0,0,Wallace Christian Gomes Esteves   ,141.65,0,0,0,,,,,,,,,,,6.99,9.70,2026-09-30 10:27:22.319 -0300,2026-09-30 10:27:22.319 -0300,141.65
675,MINI MERC FRATERNIDADE,"000-7152501","7152501",2026-09-25,MATRIZ,MQU8E71,"4",100.0,100.0,100.0,Finalizado,459.0,1000000.0,0.0,196,263,456,0,0,João Victor Silva Leal,79.35,0,0,0,,,,,,,,,,,2.80,8.42,2026-09-30 10:27:22.319 -0300,2026-09-30 10:27:22.319 -0300,79.35
539,ACOUGUE SANTOS,"000-7341101","7341101",2026-09-11,MATRIZ,TYE8D59,"4",100.0,100.0,100.0,Finalizado,228.0,1000000.0,0.0,108,120,219,0,0,Wallace Christian Gomes Esteves   ,7.55,0,0,0,,,,,,,,,,,3.40,9.73,2026-09-30 10:27:22.319 -0300,2026-09-30 10:27:22.319 -0300,7.55
531,BARBEARIA GUDUCORTE,"000-7161101","7161101",2026-09-11,MATRIZ,MQL5679,"1",100.0,100.0,100.0,Finalizado,438.0,1000000.0,0.0,101,337,404,0,0,Wallace Christian Gomes Esteves   ,37.57,0,0,0,,,,,,,,,,,3.48,9.73,2026-09-30 10:27:22.319 -0300,2026-09-30 10:27:22.319 -0300,37.57
548,BAR LANCHANETE,"000-7321401","7321401",2026-09-14,MATRIZ,QXO9C83,"5",100.0,100.0,100.0,Finalizado,1884.05,1000000.0,0.0,477,1408,1780,0,0,Wallace Christian Gomes Esteves   ,88.00,0,0,0,,,,,,,,,,,3.60,10.20,2026-09-30 10:27:22.319 -0300,2026-09-30 10:27:22.319 -0300,88.0
522,ACAI E CIA,"000-7141001","7141001",2026-09-10,MATRIZ,HAI2518,"05",100.0,100.0,100.0,Finalizado,675.0,1000000.0,0.0,171,504,666,0,0,Wallace Christian Gomes Esteves   ,125.65,0,0,0,,,,,,,,,,,6.40,7.67,2026-09-30 10:27:22.319 -0300,2026-09-30 10:27:22.319 -0300,125.65
579,GRELHADOS,"000-7121601","7121601",2026-09-16,MATRIZ,DJB5C58,"4",100.0,100.0,100.0,Finalizado,795.6333333333333,1000000.0,0.0,162,657,778,0,0,Wallace Christian Gomes Esteves   ,43.30,0,0,0,,,,,,,,,,,3.37,9.55,2026-09-30 10:27:22.319 -0300,2026-09-30 10:27:22.319 -0300,43.3
523,FARMACIA INDIANA,"000-7151001","7151001",2026-09-10,MATRIZ,MQU8E71,"04",100.0,100.0,100.0,Finalizado,940.0,1000000.0,0.0,126,814,897,0,0,Wallace Christian Gomes Esteves   ,80.53,0,0,0,,,,,,,,,,,6.51,7.67,2026-09-30 10:27:22.319 -0300,2026-09-30 10:27:22.319 -0300,80.53
507,RESTAURANTE E SIMILA,"000-7380801","7380801",2026-09-08,MATRIZ,KKJ5250,"1",100.0,100.0,100.0,Finalizado,1072.0,1000000.0,0.0,93,979,1066,0,0,Wallace Christian Gomes Esteves   ,188.42,0,0,0,,,,,,,,,,,5.03,7.52,2026-09-30 10:27:22.319 -0300,2026-09-30 10:27:22.319 -0300,188.42
493,CAFE DA HORA,"000-7190501","7190501",2026-09-05,MATRIZ,KZX0905,"02",100.0,100.0,100.0,Finalizado,677.0,1000000.0,0.0,193,484,667,0,0,Wallace Christian Gomes Esteves   ,97.90,0,0,0,,,,,,,,,,,5.34,7.28,2026-09-30 10:27:22.319 -0300,2026-09-30 10:27:22.319 -0300,97.9
606,LORRAYNE ROSA PEREIR,"000-7181801","7181801",2026-09-18,MATRIZ,RFP8G80,"7",100.0,100.0,100.0,Finalizado,479.0,1000000.0,0.0,160,319,471,0,0,Alexsander Campos Silva,66.38,0,0,0,,,,,,,,,,,3.93,6.50,2026-09-30 10:27:22.319 -0300,2026-09-30 10:27:22.319 -0300,66.38
521,PADARIA SOARES,"000-7131001","7131001",2026-09-10,MATRIZ,JXS4C69,"01",100.0,100.0,100.0,Finalizado,446.0,1000000.0,0.0,168,278,438,0,0,Wallace Christian Gomes Esteves   ,167.08,0,0,0,,,,,,,,,,,6.36,7.67,2026-09-30 10:27:22.319 -0300,2026-09-30 10:27:22.319 -0300,167.08
520,FRANGOLITO GV,"000-7121001","7121001",2026-09-10,MATRIZ,DJB5C58,"02",100.0,100.0,100.0,Finalizado,1136.9583333333335,1000000.0,0.0,61,1125,1101,0,0,Alexsander Campos Silva,111.43,0,0,0,,,,,,,,,,,5.75,7.67,2026-09-30 10:27:22.319 -0300,2026-09-30 10:27:22.319 -0300,111.43
543,MERCADINHO DO CANECO,"000-7141101","7141101",2026-09-11,MATRIZ,HAI2518,"5",100.0,100.0,100.0,Finalizado,448.0,1000000.0,0.0,173,275,435,0,0,João Victor Silva Leal,147.58,0,0,0,,,,,,,,,,,4.79,9.73,2026-09-30 10:27:22.319 -0300,2026-09-30 10:27:22.319 -0300,147.58
509,BAR DO AMORIM,"000-7240901","7240901",2026-09-09,MATRIZ,TCB7I34,"4",100.0,100.0,100.0,Finalizado,1028.0,1000000.0,0.0,361,667,996,0,0,Wallace Christian Gomes Esteves   ,128.30,0,0,0,,,,,,,,,,,5.85,10.43,2026-09-30 10:27:22.319 -0300,2026-09-30 10:27:22.319 -0300,128.3
496,SUPERMERCADO FRIZERA,"000-7290501","7290501",2026-09-05,MATRIZ,OWV5H27,"05",100.0,100.0,100.0,Finalizado,1348.0,1000000.0,0.0,195,1153,1325,0,0,Wallace Christian Gomes Esteves   ,41.82,0,0,0,,,,,,,,,,,2.27,7.28,2026-09-30 10:27:22.319 -0300,2026-09-30 10:27:22.319 -0300,41.82
489,JOSE DOMINGOS DA SILVA,"000-7150501","7150501",2026-09-05,MATRIZ,MQU8E71,"05",100.0,100.0,100.0,Finalizado,368.0,1000000.0,0.0,181,187,359,0,0,Wallace Christian Gomes Esteves   ,54.35,0,0,0,,,,,,,,,,,6.04,7.28,2026-09-30 10:27:22.319 -0300,2026-09-30 10:27:22.319 -0300,54.35
503,TUTTO GELATO,"000-7150801","7150801",2026-09-08,MATRIZ,MQU8E71,"5",100.0,100.0,100.0,Finalizado,947.0,1000000.0,0.0,118,829,927,0,0,Alexsander Campos Silva,105.30,0,0,0,,,,,,,,,,,4.13,7.52,2026-09-30 10:27:22.319 -0300,2026-09-30 10:27:22.319 -0300,105.3
528,BAR DO LICO,"000-7381001","7381001",2026-09-10,MATRIZ,KKJ5250,"01",100.0,100.0,100.0,Finalizado,500.0,1000000.0,0.0,105,395,498,0,0,Alexsander Campos Silva,30.08,0,0,0,,,,,,,,,,,6.76,7.67,2026-09-30 10:27:22.319 -0300,2026-09-30 10:27:22.319 -0300,30.08
644,SACOLAO PRISCILA,"000-7122301","7122301",2026-09-23,MATRIZ,DJB5C58,"1",100.0,100.0,100.0,Finalizado,635.0,1000000.0,0.0,183,452,626,0,0,Alexsander Campos Silva,73.13,0,0,0,,,,,,,,,,,6.61,10.77,2026-09-30 10:27:22.319 -0300,2026-09-30 10:27:22.319 -0300,73.13
532,"21.221.745 ANA PAULA GONCALVES COUTO","000-7171101","7171101",2026-09-11,MATRIZ,HOB4C81,"2",100.0,100.0,100.0,Finalizado,508.0,1000000.0,0.0,100,408,501,0,0,Wallace Christian Gomes Esteves   ,27.25,0,0,0,,,,,,,,,,,3.39,9.73,2026-09-30 10:27:22.319 -0300,2026-09-30 10:27:22.319 -0300,27.25
700,ACOUGUE TELES,"000-7162901","7162901",2026-09-29,MATRIZ,MQL5679,"5",100.0,100.0,100.0,Finalizado,784.0,1000000.0,0.0,265,519,756,0,0,Alexsander Campos Silva,71.00,0,0,0,,,,,,,,,,,3.70,6.00,2026-09-30 10:27:22.319 -0300,2026-09-30 10:27:22.319 -0300,71.0
621,RESTAURANTE E SIMILA,"000-7382101","7382101",2026-09-21,MATRIZ,KKJ5250,"5",100.0,100.0,100.0,Finalizado,1037.0,1000000.0,0.0,109,928,1025,0,0,Wallace Christian Gomes Esteves   ,41.15,0,0,0,,,,,,,,,,,5.71,8.20,2026-09-30 10:27:22.319 -0300,2026-09-30 10:27:22.319 -0300,41.15
636,JUSCILENE APARECIDA BRITO DE S,"000-7372201","7372201",2026-09-22,MATRIZ,KKJ5170,"1",100.0,100.0,100.0,Finalizado,669.0,1000000.0,0.0,121,548,666,0,0,Wallace Christian Gomes Esteves   ,75.20,0,0,0,,,,,,,,,,,5.35,7.78,2026-09-30 10:27:22.319 -0300,2026-09-30 10:27:22.319 -0300,75.2
676,LORRAYNE ROSA PEREIR,"000-7182501","7182501",2026-09-25,MATRIZ,RFP8G80,"5",100.0,100.0,100.0,Finalizado,422.0,1000000.0,0.0,155,267,419,0,0,Alexsander Campos Silva,14.97,0,0,0,,,,,,,,,,,2.27,8.42,2026-09-30 10:27:22.319 -0300,2026-09-30 10:27:22.319 -0300,14.97
527,PASTELANDIA,"000-7291001","7291001",2026-09-10,MATRIZ,OWV5H27,"04",100.0,100.0,100.0,Finalizado,1398.1999999999998,1000000.0,0.0,416,986,1367,0,0,Wallace Christian Gomes Esteves   ,33.08,0,0,0,,,,,,,,,,,3.32,7.67,2026-09-30 10:27:22.319 -0300,2026-09-30 10:27:22.319 -0300,33.08
526,SUP JUJU,"000-7241001","7241001",2026-09-10,MATRIZ,TCB7I34,"05",100.0,100.0,100.0,Finalizado,830.0,1000000.0,0.0,283,547,828,0,0,Wallace Christian Gomes Esteves   ,33.12,0,0,0,,,,,,,,,,,3.12,7.67,2026-09-30 10:27:22.319 -0300,2026-09-30 10:27:22.319 -0300,33.12
529,SUPERMERCADO BOA PRA,"000-7411001","7411001",2026-09-10,MATRIZ,OWQ4406,"03",100.0,100.0,100.0,Finalizado,434.0,1000000.0,0.0,87,347,414,0,0,Wallace Christian Gomes Esteves   ,64.65,0,0,0,,,,,,,,,,,3.47,7.67,2026-09-30 10:27:22.319 -0300,2026-09-30 10:27:22.319 -0300,64.65
570,TUTI PANE,"000-7191501","7191501",2026-09-15,MATRIZ,KZX0905,"2",100.0,100.0,100.0,Finalizado,755.0,1000000.0,0.0,186,569,745,0,0,Alexsander Campos Silva,52.55,0,0,0,,,,,,,,,,,4.65,6.85,2026-09-30 10:27:22.319 -0300,2026-09-30 10:27:22.319 -0300,52.55
568,PADARIA PONTO FINAL,"000-7151501","7151501",2026-09-15,MATRIZ,MQU8E71,"5",100.0,100.0,100.0,Finalizado,601.0,1000000.0,0.0,185,416,593,0,0,Wallace Christian Gomes Esteves   ,128.35,0,0,0,,,,,,,,,,,4.17,6.85,2026-09-30 10:27:22.319 -0300,2026-09-30 10:27:22.319 -0300,128.35
559,RESTAURANTE E SIMILA,"000-7381401","7381401",2026-09-14,MATRIZ,KKJ5250,"1",100.0,100.0,100.0,Finalizado,1013.0,1000000.0,0.0,106,907,997,0,0,Alexsander Campos Silva,36.93,0,0,0,,,,,,,,,,,4.78,10.20,2026-09-30 10:27:22.319 -0300,2026-09-30 10:27:22.319 -0300,36.93
589,SUP COIMBRA,"000-7251701","7251701",2026-09-17,MATRIZ,TCL0I17,"7",100.0,100.0,100.0,Finalizado,743.0,1000000.0,0.0,292,451,715,0,0,Wallace Christian Gomes Esteves   ,19.58,0,0,0,,,,,,,,,,,4.36,7.82,2026-09-30 10:27:22.319 -0300,2026-09-30 10:27:22.319 -0300,19.58
544,MINI MERC FRATERNIDADE,"000-7151101","7151101",2026-09-11,MATRIZ,MQU8E71,"4",100.0,100.0,100.0,Finalizado,551.0,1000000.0,0.0,154,402,530,0,0,Alexsander Campos Silva,127.03,0,0,0,,,,,,,,,,,5.53,9.73,2026-09-30 10:27:22.319 -0300,2026-09-30 10:27:22.319 -0300,127.03
551,ACOUGUE DA JAQUE,"000-7341401","7341401",2026-09-14,MATRIZ,TYE8D59,"2",100.0,100.0,100.0,Finalizado,971.0,1000000.0,0.0,120,851,963,0,0,Wallace Christian Gomes Esteves   ,77.83,0,0,0,,,,,,,,,,,4.00,10.20,2026-09-30 10:27:22.319 -0300,2026-09-30 10:27:22.319 -0300,77.83
554,BUTECO DO DANI LTDA,"000-7131401","7131401",2026-09-14,MATRIZ,JXS4C69,"5",100.0,100.0,100.0,Finalizado,1093.0,1000000.0,0.0,106,987,1079,0,0,Wallace Christian Gomes Esteves   ,233.97,0,0,0,,,,,,,,,,,5.30,10.20,2026-09-30 10:27:22.319 -0300,2026-09-30 10:27:22.319 -0300,233.97
557,POSTO TNE ILHA LTDA,"000-7181401","7181401",2026-09-14,MATRIZ,RFP8G80,"2",100.0,100.0,100.0,Finalizado,837.0,1000000.0,0.0,153,684,828,0,0,Alexsander Campos Silva,90.92,0,0,0,,,,,,,,,,,5.05,10.20,2026-09-30 10:27:22.319 -0300,2026-09-30 10:27:22.319 -0300,90.92
549,MANCHAS BAR,"000-7171401","7171401",2026-09-14,MATRIZ,HOB4C81,"3",100.0,100.0,100.0,Finalizado,789.0277777777778,1000000.0,0.0,102,706,786,0,0,Alexsander Campos Silva,38.95,0,0,0,,,,,,,,,,,4.33,10.20,2026-09-30 10:27:22.319 -0300,2026-09-30 10:27:22.319 -0300,38.95
590,PASTELANDIA,"000-7291701","7291701",2026-09-17,MATRIZ,OWV5H27,"8",100.0,100.0,100.0,Finalizado,1503.05,1000000.0,0.0,337,1167,1429,0,0,Wallace Christian Gomes Esteves   ,29.67,0,0,0,,,,,,,,,,,4.36,7.82,2026-09-30 10:27:22.319 -0300,2026-09-30 10:27:22.319 -0300,29.67
534,DROGARIA BELOFARMA,"000-7241101","7241101",2026-09-11,MATRIZ,TCB7I34,"4",100.0,100.0,100.0,Finalizado,832.0,1000000.0,0.0,193,639,829,0,0,João Victor Silva Leal,107.47,0,0,0,,,,,,,,,,,5.51,9.73,2026-09-30 10:27:22.319 -0300,2026-09-30 10:27:22.319 -0300,107.47
578,LANCHONETE VENDA GRA,"000-7411601","7411601",2026-09-16,MATRIZ,OWQ4406,"08",100.0,100.0,100.0,Paletização,711.0,1000000.0,0.0,140,571,687,0,0,Wallace Christian Gomes Esteves   ,42.52,0,0,0,,,,,,,,,,,1.48,9.55,2026-09-30 10:27:22.319 -0300,2026-09-30 10:27:22.319 -0300,42.52
567,QUIOSQUE ROGERIO,"000-7141501","7141501",2026-09-15,MATRIZ,HAI2518,"4",100.0,100.0,100.0,Finalizado,717.05,1000000.0,0.0,170,548,709,0,0,Wallace Christian Gomes Esteves   ,76.82,0,0,0,,,,,,,,,,,3.91,6.85,2026-09-30 10:27:22.319 -0300,2026-09-30 10:27:22.319 -0300,76.82
553,FRANGOLITO GV,"000-7121401","7121401",2026-09-14,MATRIZ,DJB5C58,"1",100.0,100.0,100.0,Finalizado,1034.0,1000000.0,0.0,106,928,1000,0,0,Alexsander Campos Silva,156.37,0,0,0,,,,,,,,,,,5.68,10.20,2026-09-30 10:27:22.319 -0300,2026-09-30 10:27:22.319 -0300,156.37
560,CRICARE,"000-7261401","7261401",2026-09-14,MATRIZ,TCL0I22,"5",100.0,100.0,100.0,Finalizado,735.0,1000000.0,0.0,600,135,735,0,0,Alexsander Campos Silva,77.22,0,0,0,,,,,,,,,,,6.30,10.20,2026-09-30 10:27:22.319 -0300,2026-09-30 10:27:22.319 -0300,77.22
558,RESTAURANTE PITADA,"000-7191401","7191401",2026-09-14,MATRIZ,KZX0905,"1",100.0,100.0,100.0,Finalizado,749.0,1000000.0,0.0,219,530,746,0,0,Wallace Christian Gomes Esteves   ,59.20,0,0,0,,,,,,,,,,,5.00,10.20,2026-09-30 10:27:22.319 -0300,2026-09-30 10:27:22.319 -0300,59.2
595,GAS E AGUA AVENIDA,"000-7151701","7151701",2026-09-17,MATRIZ,MQU8E71,"5",100.0,100.0,100.0,Finalizado,716.0,1000000.0,0.0,198,518,707,0,0,Wallace Christian Gomes Esteves   ,34.23,0,0,0,,,,,,,,,,,4.03,7.82,2026-09-30 10:27:22.319 -0300,2026-09-30 10:27:22.319 -0300,34.23
556,CINTIA BOLERIA GOURMET LTDA,"000-7151401","7151401",2026-09-14,MATRIZ,MQU8E71,"3",100.0,100.0,100.0,Finalizado,872.0,1000000.0,0.0,79,793,868,0,0,Alexsander Campos Silva,133.48,0,0,0,,,,,,,,,,,5.49,10.20,2026-09-30 10:27:22.319 -0300,2026-09-30 10:27:22.319 -0300,133.48
566,JUSCILENE APARECIDA BRITO DE S,"000-7131501","7131501",2026-09-15,MATRIZ,JXS4C69,"3",100.0,100.0,100.0,Finalizado,524.05,1000000.0,0.0,217,308,519,0,0,Wallace Christian Gomes Esteves   ,55.48,0,0,0,,,,,,,,,,,2.27,6.85,2026-09-30 10:27:22.319 -0300,2026-09-30 10:27:22.319 -0300,55.48
615,FRANGOLITO GV,"000-7122101","7122101",2026-09-21,MATRIZ,DJB5C58,"7",100.0,100.0,100.0,Finalizado,1102.0,1000000.0,0.0,71,1031,1082,0,0,Wallace Christian Gomes Esteves   ,76.97,0,0,0,,,,,,,,,,,4.91,8.20,2026-09-30 10:27:22.319 -0300,2026-09-30 10:27:22.319 -0300,76.97
564,COMERCIAL CEZAR ALMEIDA LTDA,"000-7251501","7251501",2026-09-15,MATRIZ,TCL0I17,"1",100.0,100.0,100.0,Paletização,662.9583333333333,1000000.0,0.0,341,334,652,0,0,Wallace Christian Gomes Esteves   ,25.22,0,0,0,,,,,,,,,,,2.78,6.85,2026-09-30 10:27:22.319 -0300,2026-09-30 10:27:22.319 -0300,25.22
581,PIZZA GUERRA,"000-7151601","7151601",2026-09-16,MATRIZ,MQU8E71,"1",100.0,100.0,100.0,Finalizado,709.0,1000000.0,0.0,177,532,675,0,0,Alexsander Campos Silva,25.83,0,0,0,,,,,,,,,,,4.48,9.55,2026-09-30 10:27:22.319 -0300,2026-09-30 10:27:22.319 -0300,25.83
587,CRISTINA MARIA,"000-7161701","7161701",2026-09-17,MATRIZ,MQL5679,"1",100.0,100.0,100.0,Finalizado,777.3888888888888,1000000.0,0.0,165,616,763,0,0,Wallace Christian Gomes Esteves   ,42.80,0,0,0,,,,,,,,,,,3.28,7.82,2026-09-30 10:27:22.319 -0300,2026-09-30 10:27:22.319 -0300,42.8
576,PADARIA SAO PEDRO,"000-7251601","7251601",2026-09-16,MATRIZ,TCL0I17,"7",100.0,100.0,100.0,Paletização,1035.0,1000000.0,0.0,339,696,993,0,0,Alexsander Campos Silva,75.82,0,0,0,,,,,,,,,,,3.25,9.55,2026-09-30 10:27:22.319 -0300,2026-09-30 10:27:22.319 -0300,75.82
631,TUTI PANE,"000-7122201","7122201",2026-09-22,MATRIZ,DJB5C58,"8",100.0,100.0,100.0,Finalizado,496.0,1000000.0,0.0,200,296,484,0,0,Wallace Christian Gomes Esteves   ,223.55,0,0,0,,,,,,,,,,,5.54,7.78,2026-09-30 10:27:22.319 -0300,2026-09-30 10:27:22.319 -0300,223.55
609,BAR DO PRADO,"000-7212101","7212101",2026-09-21,MATRIZ,JJB9B08,"6",100.0,100.0,100.0,Finalizado,1283.15,1000000.0,0.0,313,973,1201,0,0,Wallace Christian Gomes Esteves   ,250.03,0,0,0,,,,,,,,,,,5.14,8.20,2026-09-30 10:27:22.319 -0300,2026-09-30 10:27:22.319 -0300,250.03
577,STOP RAPIDOS,"000-7291601","7291601",2026-09-16,MATRIZ,OWV5H27,"5",100.0,100.0,100.0,Paletização,691.2,1000000.0,0.0,108,587,662,0,0,Wallace Christian Gomes Esteves   ,20.50,0,0,0,,,,,,,,,,,1.86,9.55,2026-09-30 10:27:22.319 -0300,2026-09-30 10:27:22.319 -0300,20.5
610,SUPERMERCADO VALENTE,"000-7242101","7242101",2026-09-21,MATRIZ,TCB7I34,"7",100.0,100.0,100.0,Finalizado,1719.6666666666667,1000000.0,0.0,44,1692,1717,0,0,Alexsander Campos Silva,39.65,0,0,0,,,,,,,,,,,5.34,8.20,2026-09-30 10:27:22.319 -0300,2026-09-30 10:27:22.319 -0300,39.65
599,SUPERMERCADO COELHO,"000-7251801","7251801",2026-09-18,MATRIZ,TCL0I17,"7",100.0,100.0,100.0,Finalizado,548.0,1000000.0,0.0,144,404,526,0,0,Alexsander Campos Silva,25.85,0,0,0,,,,,,,,,,,4.24,6.50,2026-09-30 10:27:22.319 -0300,2026-09-30 10:27:22.319 -0300,25.85
582,BAR DA MARILENE,"000-7161601","7161601",2026-09-16,MATRIZ,MQL5679,"3",100.0,100.0,100.0,Finalizado,461.7166666666667,1000000.0,0.0,215,275,440,0,0,Wallace Christian Gomes Esteves   ,178.82,0,0,0,,,,,,,,,,,4.86,9.55,2026-09-30 10:27:22.319 -0300,2026-09-30 10:27:22.319 -0300,178.82
593,MEXIDAO DA TIA DELMA,"000-7131701","7131701",2026-09-17,MATRIZ,JXS4C69,"3",100.0,100.0,100.0,Finalizado,545.05,1000000.0,0.0,168,378,529,0,0,Leonardo Miguel,14.52,0,0,0,,,,,,,,,,,4.88,7.82,2026-09-30 10:27:22.319 -0300,2026-09-30 10:27:22.319 -0300,14.52
607,ALTAIR TAVARES GARCIA,"000-7191801","7191801",2026-09-18,MATRIZ,KZX0905,"1",100.0,100.0,100.0,Finalizado,425.0,1000000.0,0.0,210,215,416,0,0,Alexsander Campos Silva,22.67,0,0,0,,,,,,,,,,,4.23,6.50,2026-09-30 10:27:22.319 -0300,2026-09-30 10:27:22.319 -0300,22.67
584,WILSON SOUZA DIAS,"000-7191601","7191601",2026-09-16,MATRIZ,KZX0905,"7",100.0,100.0,100.0,Finalizado,472.6666666666667,1000000.0,0.0,208,270,465,0,0,Wallace Christian Gomes Esteves   ,30.80,0,0,0,,,,,,,,,,,2.89,9.55,2026-09-30 10:27:22.319 -0300,2026-09-30 10:27:22.319 -0300,30.8
583,ALCIONE,"000-7181601","7181601",2026-09-16,MATRIZ,RFP8G80,"8",100.0,100.0,100.0,Finalizado,687.0,1000000.0,0.0,204,483,679,0,0,Wallace Christian Gomes Esteves   ,62.75,0,0,0,,,,,,,,,,,4.57,9.55,2026-09-30 10:27:22.319 -0300,2026-09-30 10:27:22.319 -0300,62.75
585,SACOLAO PRISCILA,"000-7381601","7381601",2026-09-16,MATRIZ,KKJ5250,"6",100.0,100.0,100.0,Finalizado,396.0,1000000.0,0.0,152,244,390,0,0,Wallace Christian Gomes Esteves   ,45.18,0,0,0,,,,,,,,,,,2.38,9.55,2026-09-30 10:27:22.319 -0300,2026-09-30 10:27:22.319 -0300,45.18
596,REST DO BURU,"000-7191701","7191701",2026-09-17,MATRIZ,KZX0905,"6",100.0,100.0,100.0,Finalizado,534.125,1000000.0,0.0,239,296,514,0,0,Wallace Christian Gomes Esteves   ,24.48,0,0,0,,,,,,,,,,,4.32,7.82,2026-09-30 10:27:22.319 -0300,2026-09-30 10:27:22.319 -0300,24.48
613,MARIA JOSE,"000-7302101","7302101",2026-09-21,MATRIZ,OWV8A20,"1",100.0,100.0,100.0,Finalizado,2280.5,1000000.0,0.0,564,1830,1725,0,0,Wallace Christian Gomes Esteves   ,53.30,0,0,0,,,,,,,,,,,2.37,8.20,2026-09-30 10:27:22.319 -0300,2026-09-30 10:27:22.319 -0300,53.3
575,MERCEARIA SOARES,"000-7241601","7241601",2026-09-16,MATRIZ,TCB7I34,"6",100.0,100.0,100.0,Paletização,1111.0,1000000.0,0.0,419,692,1068,0,0,Wallace Christian Gomes Esteves   ,158.00,0,0,0,,,,,,,,,,,3.34,9.55,2026-09-30 10:27:22.319 -0300,2026-09-30 10:27:22.319 -0300,158.0
601,RESTAURANTE E LANCHONETE CAFE LUA,"000-7411801","7411801",2026-09-18,MATRIZ,OWQ4406,"6",100.0,100.0,100.0,Finalizado,784.0,1000000.0,0.0,149,635,768,0,0,Alexsander Campos Silva,140.65,0,0,0,,,,,,,,,,,4.09,6.50,2026-09-30 10:27:22.319 -0300,2026-09-30 10:27:22.319 -0300,140.65
626,SUPERMERCADO VALENTE,"000-7242201","7242201",2026-09-22,MATRIZ,TCB7I34,"2",100.0,100.0,100.0,Finalizado,468.16666666666674,1000000.0,0.0,217,274,458,0,0,Wallace Christian Gomes Esteves   ,17.88,0,0,0,,,,,,,,,,,3.93,7.78,2026-09-30 10:27:22.319 -0300,2026-09-30 10:27:22.319 -0300,17.88
602,SONIA,"000-7121801","7121801",2026-09-18,MATRIZ,DJB5C58,"5",100.0,100.0,100.0,Finalizado,544.0,1000000.0,0.0,230,314,529,0,0,Alexsander Campos Silva,177.62,0,0,0,,,,,,,,,,,4.48,6.50,2026-09-30 10:27:22.319 -0300,2026-09-30 10:27:22.319 -0300,177.62
604,MANOEL JOSE,"000-7141801","7141801",2026-09-18,MATRIZ,HAI2518,"3",100.0,100.0,100.0,Finalizado,452.0,1000000.0,0.0,215,237,446,0,0,Wallace Christian Gomes Esteves   ,70.52,0,0,0,,,,,,,,,,,3.50,6.50,2026-09-30 10:27:22.319 -0300,2026-09-30 10:27:22.319 -0300,70.52
648,WILSON SOUZA DIAS,"000-7192301","7192301",2026-09-23,MATRIZ,KZX0905,"5",100.0,100.0,100.0,Finalizado,553.0,1000000.0,0.0,258,295,550,0,0,Wallace Christian Gomes Esteves   ,56.47,0,0,0,,,,,,,,,,,6.59,10.77,2026-09-30 10:27:22.319 -0300,2026-09-30 10:27:22.319 -0300,56.47
659,MERCEARIA,"000-7342401","7342401",2026-09-24,MATRIZ,TYE8D59,"3",100.0,100.0,100.0,Finalizado,602.0,1000000.0,0.0,81,521,579,0,0,Leonardo Miguel,116.08,0,0,0,,,,,,,,,,,4.48,8.92,2026-09-30 10:27:22.319 -0300,2026-09-30 10:27:22.319 -0300,116.08
642,SUPERMERCADO BONIFACIO,"000-7292301","7292301",2026-09-23,MATRIZ,OWV5H27,"1",100.0,100.0,100.0,Finalizado,932.0999999999999,1000000.0,0.0,169,765,882,0,0,Alexsander Campos Silva,20.97,0,0,0,,,,,,,,,,,4.15,10.77,2026-09-30 10:27:22.319 -0300,2026-09-30 10:27:22.319 -0300,20.97
640,BAR MATOS,"000-7252301","7252301",2026-09-23,MATRIZ,TCL0I17,"3",100.0,100.0,100.0,Finalizado,721.05,1000000.0,0.0,287,435,718,0,0,Wallace Christian Gomes Esteves   ,16.27,0,0,0,,,,,,,,,,,3.39,10.77,2026-09-30 10:27:22.319 -0300,2026-09-30 10:27:22.319 -0300,16.27
608,MERCEARIA DA ILZA,"000-7381801","7381801",2026-09-18,MATRIZ,KKJ5250,"6",100.0,100.0,100.0,Finalizado,401.0,1000000.0,0.0,177,224,393,0,0,Wallace Christian Gomes Esteves   ,62.17,0,0,0,,,,,,,,,,,2.83,6.50,2026-09-30 10:27:22.319 -0300,2026-09-30 10:27:22.319 -0300,62.17
600,MERCEARIA FERNANDES,"000-7321801","7321801",2026-09-18,MATRIZ,QXO9C83,"8",100.0,100.0,100.0,Finalizado,950.0,1000000.0,0.0,204,746,916,0,0,Alexsander Campos Silva,88.92,0,0,0,,,,,,,,,,,2.97,6.50,2026-09-30 10:27:22.319 -0300,2026-09-30 10:27:22.319 -0300,88.92
620,BAR DO JUVENAL,"000-7372101","7372101",2026-09-21,MATRIZ,KKJ5170,"8",100.0,100.0,100.0,Finalizado,1180.1666666666665,1000000.0,0.0,108,1074,1142,0,0,Wallace Christian Gomes Esteves   ,109.63,0,0,0,,,,,,,,,,,5.82,8.20,2026-09-30 10:27:22.319 -0300,2026-09-30 10:27:22.319 -0300,109.63
591,LANCHONETE DO POSTO,"000-7411701","7411701",2026-09-17,MATRIZ,OWQ4406,"1",100.0,100.0,100.0,Finalizado,790.0,1000000.0,0.0,242,548,731,0,0,Leonardo Miguel,41.87,0,0,0,,,,,,,,,,,4.03,7.82,2026-09-30 10:27:22.319 -0300,2026-09-30 10:27:22.319 -0300,41.87
598,MARIA DAS DORES SILVA PERPETUO,"000-7241801","7241801",2026-09-18,MATRIZ,TCB7I34,"8",100.0,100.0,100.0,Finalizado,639.0,1000000.0,0.0,199,440,637,0,0,Alexsander Campos Silva,33.90,0,0,0,,,,,,,,,,,2.64,6.50,2026-09-30 10:27:22.319 -0300,2026-09-30 10:27:22.319 -0300,33.9
686,POUSADA ALTO DA CAT,"000-7162801","7162801",2026-09-28,MATRIZ,MQL5679,"5",100.0,100.0,100.0,Finalizado,934.0,1000000.0,0.0,100,834,894,0,0,Alexsander Campos Silva,58.65,0,0,0,,,,,,,,,,,5.53,9.70,2026-09-30 10:27:22.319 -0300,2026-09-30 10:27:22.319 -0300,58.65
616,BOA MESA REST PIZZ,"000-7142101","7142101",2026-09-21,MATRIZ,HAI2518,"2",100.0,100.0,100.0,Finalizado,727.0,1000000.0,0.0,164,563,724,0,0,Wallace Christian Gomes Esteves   ,91.05,0,0,0,,,,,,,,,,,4.78,8.20,2026-09-30 10:27:22.319 -0300,2026-09-30 10:27:22.319 -0300,91.05
605,MARIA DA GLORIA ALVES QUEIROZ,"000-7151801","7151801",2026-09-18,MATRIZ,MQU8E71,"2",100.0,100.0,100.0,Finalizado,546.0,1000000.0,0.0,157,389,534,0,0,Wallace Christian Gomes Esteves   ,73.80,0,0,0,,,,,,,,,,,3.60,6.50,2026-09-30 10:27:22.319 -0300,2026-09-30 10:27:22.319 -0300,73.8
594,ACAI E CIA,"000-7141701","7141701",2026-09-17,MATRIZ,HAI2518,"4",100.0,100.0,100.0,Finalizado,573.25,1000000.0,0.0,183,396,567,0,0,Wallace Christian Gomes Esteves   ,85.33,0,0,0,,,,,,,,,,,4.65,7.82,2026-09-30 10:27:22.319 -0300,2026-09-30 10:27:22.319 -0300,85.33
629,SUPERMERCADO FRIZERA,"000-7262201","7262201",2026-09-22,MATRIZ,TCL0I22,"6",100.0,100.0,100.0,Finalizado,863.0,1000000.0,0.0,302,561,832,0,0,Wallace Christian Gomes Esteves   ,65.75,0,0,0,,,,,,,,,,,5.67,7.78,2026-09-30 10:27:22.319 -0300,2026-09-30 10:27:22.319 -0300,65.75
627,COMERCIAL CEZAR ALMEIDA LTDA,"000-7242202","7242202",2026-09-22,MATRIZ,TCB7I34,"2",100.0,100.0,100.0,Finalizado,534.0,1000000.0,0.0,185,349,534,0,0,Wallace Christian Gomes Esteves   ,13.10,0,0,0,,,,,,,,,,,3.87,7.78,2026-09-30 10:27:22.319 -0300,2026-09-30 10:27:22.319 -0300,13.1
637,JOSE DOMINGOS DA SILVA,"000-7382201","7382201",2026-09-22,MATRIZ,KKJ5250,"6",100.0,100.0,100.0,Finalizado,462.0,1000000.0,0.0,166,296,445,0,0,Wallace Christian Gomes Esteves   ,116.00,0,0,0,,,,,,,,,,,4.96,7.78,2026-09-30 10:27:22.319 -0300,2026-09-30 10:27:22.319 -0300,116.0
677,JWAM COMERCIAL LTDA,"000-7192501","7192501",2026-09-25,MATRIZ,KZX0905,"8",100.0,100.0,100.0,Finalizado,576.0,1000000.0,0.0,223,353,552,0,0,Wallace Christian Gomes Esteves   ,29.30,0,0,0,,,,,,,,,,,2.96,8.42,2026-09-30 10:27:22.319 -0300,2026-09-30 10:27:22.319 -0300,29.3
622,DEP VARGAS,"000-7402101","7402101",2026-09-21,MATRIZ,PUN0E10,"4",100.0,100.0,100.0,Finalizado,1332.0,1000000.0,0.0,275,1057,1320,0,0,Alexsander Campos Silva,28.93,0,0,0,,,,,,,,,,,5.58,8.20,2026-09-30 10:27:22.319 -0300,2026-09-30 10:27:22.319 -0300,28.93
672,HORTIFRUT CALCADAO,"000-7122501","7122501",2026-09-25,MATRIZ,DJB5C58,"1",100.0,100.0,100.0,Finalizado,427.0,1000000.0,0.0,175,252,422,0,0,Alexsander Campos Silva,40.80,0,0,0,,,,,,,,,,,1.66,8.42,2026-09-30 10:27:22.319 -0300,2026-09-30 10:27:22.319 -0300,40.8
680,CENTRAL SUPERMERCADOS,"000-7282501","7282501",2026-09-25,MATRIZ,OWV5H15,"7",100.0,100.0,100.0,Finalizado,1548.0,1000000.0,0.0,1115,433,1548,0,0,Wallace Christian Gomes Esteves   ,126.15,0,0,0,,,,,,,,,,,3.30,8.42,2026-09-30 10:27:22.319 -0300,2026-09-30 10:27:22.319 -0300,126.15
603,MINI MERC FRATERNIDADE,"000-7131801","7131801",2026-09-18,MATRIZ,JXS4C69,"4",100.0,100.0,100.0,Finalizado,548.0,1000000.0,0.0,169,379,529,0,0,Alexsander Campos Silva,29.97,0,0,0,,,,,,,,,,,3.81,6.50,2026-09-30 10:27:22.319 -0300,2026-09-30 10:27:22.319 -0300,29.97
694,BA MACHADO EMP ALIM,"000-7152801","7152801",2026-09-28,MATRIZ,MQU8E71,"5",100.0,100.0,100.0,Finalizado,1029.05,1000000.0,0.0,98,932,1028,0,0,Wallace Christian Gomes Esteves   ,110.60,0,0,0,,,,,,,,,,,7.17,9.70,2026-09-30 10:27:22.319 -0300,2026-09-30 10:27:22.319 -0300,110.6
592,FRANGOLITO GV,"000-7121701","7121701",2026-09-17,MATRIZ,DJB5C58,"2",100.0,100.0,100.0,Finalizado,582.3833333333332,1000000.0,0.0,122,518,557,0,0,Wallace Christian Gomes Esteves   ,64.38,0,0,0,,,,,,,,,,,4.14,7.82,2026-09-30 10:27:22.319 -0300,2026-09-30 10:27:22.319 -0300,64.38
670,BAR DO ARMANDO,"000-7252501","7252501",2026-09-25,MATRIZ,TCL0I17,"7",100.0,100.0,100.0,Finalizado,659.0,1000000.0,0.0,236,423,621,0,0,Wallace Christian Gomes Esteves   ,20.75,0,0,0,,,,,,,,,,,2.18,8.42,2026-09-30 10:27:22.319 -0300,2026-09-30 10:27:22.319 -0300,20.75
618,ASSIM E ASSADO,"000-7182101","7182101",2026-09-21,MATRIZ,RFP8G80,"6",100.0,100.0,100.0,Finalizado,781.0,1000000.0,0.0,144,637,777,0,0,Wallace Christian Gomes Esteves   ,85.78,0,0,0,,,,,,,,,,,5.57,8.20,2026-09-30 10:27:22.319 -0300,2026-09-30 10:27:22.319 -0300,85.78
597,EURIDES BAR,"000-7381701","7381701",2026-09-17,MATRIZ,KKJ5250,"7",100.0,100.0,100.0,Finalizado,525.0,1000000.0,0.0,214,311,512,0,0,Leonardo Miguel,23.98,0,0,0,,,,,,,,,,,3.60,7.82,2026-09-30 10:27:22.319 -0300,2026-09-30 10:27:22.319 -0300,23.98
704,OLIVEIRAS BAR,"000-7122901","7122901",2026-09-29,MATRIZ,DJB5C58,"3",100.0,100.0,100.0,Finalizado,460.0,1000000.0,0.0,187,273,451,0,0,Alexsander Campos Silva,44.15,0,0,0,,,,,,,,,,,1.89,6.00,2026-09-30 10:27:22.319 -0300,2026-09-30 10:27:22.319 -0300,44.15
619,RESTAURANTE PITADA,"000-7192101","7192101",2026-09-21,MATRIZ,KZX0905,"7",100.0,100.0,100.0,Finalizado,825.0,1000000.0,0.0,122,703,823,0,0,Alexsander Campos Silva,108.42,0,0,0,,,,,,,,,,,5.79,8.20,2026-09-30 10:27:22.319 -0300,2026-09-30 10:27:22.319 -0300,108.42
661,MAISCH LANCHONETE,"000-7372401","7372401",2026-09-24,MATRIZ,KKJ5170,"3",100.0,100.0,100.0,Finalizado,578.0,1000000.0,0.0,117,461,560,0,0,Alexsander Campos Silva,56.82,0,0,0,,,,,,,,,,,5.54,8.92,2026-09-30 10:27:22.319 -0300,2026-09-30 10:27:22.319 -0300,56.82
634,PAULO DA GARRAFA,"000-7182201","7182201",2026-09-22,MATRIZ,RFP8G80,"3",100.0,100.0,100.0,Finalizado,793.0,1000000.0,0.0,83,710,788,0,0,Wallace Christian Gomes Esteves   ,223.05,0,0,0,,,,,,,,,,,5.42,7.78,2026-09-30 10:27:22.319 -0300,2026-09-30 10:27:22.319 -0300,223.05
657,TRAILER DA LOURDES,"000-7162401","7162401",2026-09-24,MATRIZ,MQL5679,"7",100.0,100.0,100.0,Finalizado,465.0,1000000.0,0.0,155,310,378,0,0,Alexsander Campos Silva,12.23,0,0,0,,,,,,,,,,,4.49,8.92,2026-09-30 10:27:22.319 -0300,2026-09-30 10:27:22.319 -0300,12.23
614,MERCEARIA ARAUJO,"000-7412101","7412101",2026-09-21,MATRIZ,OWQ4406,"4",100.0,100.0,100.0,Finalizado,632.0,1000000.0,0.0,180,452,608,0,0,Alexsander Campos Silva,229.07,0,0,0,,,,,,,,,,,6.59,8.20,2026-09-30 10:27:22.319 -0300,2026-09-30 10:27:22.319 -0300,229.07
611,CRICARE,"000-7252101","7252101",2026-09-21,MATRIZ,TCL0I17,"8",100.0,100.0,100.0,Finalizado,3274.0,1000000.0,0.0,,3274,3274,0,0,Wallace Christian Gomes Esteves   ,135.20,0,0,0,,,,,,,,,,,5.79,8.20,2026-09-30 10:27:22.319 -0300,2026-09-30 10:27:22.319 -0300,135.2
678,MERCEARIA DA ILZA,"000-7382501","7382501",2026-09-25,MATRIZ,KKJ5250,"7",100.0,100.0,100.0,Finalizado,294.0,1000000.0,0.0,103,191,276,0,0,Wallace Christian Gomes Esteves   ,9.87,0,0,0,,,,,,,,,,,2.85,8.42,2026-09-30 10:27:22.319 -0300,2026-09-30 10:27:22.319 -0300,9.87
689,ALEXANDRE MATTAR INDUSTRIA HOT,"000-7342801","7342801",2026-09-28,MATRIZ,TYE8D59,"3",100.0,100.0,100.0,Finalizado,919.0,1000000.0,0.0,119,800,883,0,0,Wallace Christian Gomes Esteves   ,83.35,0,0,0,,,,,,,,,,,6.15,9.70,2026-09-30 10:27:22.319 -0300,2026-09-30 10:27:22.319 -0300,83.35
623,DONA HERMINIA RESTAURANTE,"000-7162201","7162201",2026-09-22,MATRIZ,MQL5679,"4",100.0,100.0,100.0,Finalizado,774.0833333333333,1000000.0,0.0,108,676,696,0,0,Alexsander Campos Silva,158.02,0,0,0,,,,,,,,,,,4.27,7.78,2026-09-30 10:27:22.319 -0300,2026-09-30 10:27:22.319 -0300,158.02
628,CRICARE,"000-7252201","7252201",2026-09-22,MATRIZ,TCL0I17,"1",100.0,100.0,100.0,Finalizado,501.0,1000000.0,0.0,501,,501,0,0,Wallace Christian Gomes Esteves   ,18.13,0,0,0,,,,,,,,,,,3.87,7.78,2026-09-30 10:27:22.319 -0300,2026-09-30 10:27:22.319 -0300,18.13
612,LM DISTRIBUIDORA,"000-7292101","7292101",2026-09-21,MATRIZ,OWV5H27,"5",100.0,100.0,100.0,Finalizado,2049.0,1000000.0,0.0,447,1602,2010,0,0,Alexsander Campos Silva,94.23,0,0,0,,,,,,,,,,,5.05,8.20,2026-09-30 10:27:22.319 -0300,2026-09-30 10:27:22.319 -0300,94.23
617,WESLEY GOMES DA SILVA,"000-7152101","7152101",2026-09-21,MATRIZ,MQU8E71,"1",100.0,100.0,100.0,Finalizado,1003.6666666666666,1000000.0,0.0,106,918,998,0,0,Wallace Christian Gomes Esteves   ,112.17,0,0,0,,,,,,,,,,,5.84,8.20,2026-09-30 10:27:22.319 -0300,2026-09-30 10:27:22.319 -0300,112.17
633,PADARIA PONTO FINAL,"000-7152201","7152201",2026-09-22,MATRIZ,MQU8E71,"4",100.0,100.0,100.0,Finalizado,518.0,1000000.0,0.0,199,319,497,0,0,Wallace Christian Gomes Esteves   ,205.88,0,0,0,,,,,,,,,,,5.40,7.78,2026-09-30 10:27:22.319 -0300,2026-09-30 10:27:22.319 -0300,205.88
649,BAR DA MARILENE,"000-7372301","7372301",2026-09-23,MATRIZ,KKJ5170,"4",100.0,100.0,100.0,Finalizado,459.0,1000000.0,0.0,197,262,389,0,0,Alexsander Campos Silva,36.55,0,0,0,,,,,,,,,,,4.24,10.77,2026-09-30 10:27:22.319 -0300,2026-09-30 10:27:22.319 -0300,36.55
630,PARQUE DAS AGUAS,"000-7412201","7412201",2026-09-22,MATRIZ,OWQ4406,"7",100.0,100.0,100.0,Finalizado,903.0,1000000.0,0.0,155,748,853,0,0,Wallace Christian Gomes Esteves   ,76.42,0,0,0,,,,,,,,,,,6.18,7.78,2026-09-30 10:27:22.319 -0300,2026-09-30 10:27:22.319 -0300,76.42
635,BAR DO GALEGO,"000-7192201","7192201",2026-09-22,MATRIZ,KZX0905,"2",100.0,100.0,100.0,Finalizado,490.74999999999994,1000000.0,0.0,218,311,482,0,0,Alexsander Campos Silva,19.40,0,0,0,,,,,,,,,,,4.80,7.78,2026-09-30 10:27:22.319 -0300,2026-09-30 10:27:22.319 -0300,19.4
625,ACOUGUE TELES,"000-7342201","7342201",2026-09-22,MATRIZ,TYE8D59,"3",100.0,100.0,100.0,Finalizado,626.0,1000000.0,0.0,148,478,602,0,0,Alexsander Campos Silva,52.08,0,0,0,,,,,,,,,,,4.28,7.78,2026-09-30 10:27:22.319 -0300,2026-09-30 10:27:22.319 -0300,52.08
695,LUIZ MARCELO PEREIRA 00736514600,"000-7182801","7182801",2026-09-28,MATRIZ,RFP8G80,"4",100.0,100.0,100.0,Finalizado,1006.0,1000000.0,0.0,111,895,987,0,0,Wallace Christian Gomes Esteves   ,116.08,0,0,0,,,,,,,,,,,6.74,9.70,2026-09-30 10:27:22.319 -0300,2026-09-30 10:27:22.319 -0300,116.08
669,DROGARIA BELOFARMA,"000-7242501","7242501",2026-09-25,MATRIZ,TCB7I34,"8",100.0,100.0,100.0,Finalizado,625.0,1000000.0,0.0,202,437,607,0,0,Wallace Christian Gomes Esteves   ,26.62,0,0,0,,,,,,,,,,,3.35,8.42,2026-09-30 10:27:22.319 -0300,2026-09-30 10:27:22.319 -0300,26.62
632,QUIOSQUE ROGERIO,"000-7142201","7142201",2026-09-22,MATRIZ,HAI2518,"5",100.0,100.0,100.0,Finalizado,547.05,1000000.0,0.0,139,409,535,0,0,Wallace Christian Gomes Esteves   ,219.83,0,0,0,,,,,,,,,,,5.61,7.78,2026-09-30 10:27:22.319 -0300,2026-09-30 10:27:22.319 -0300,219.83
702,DONA HERMINIA RESTAURANTE,"000-7342901","7342901",2026-09-29,MATRIZ,TYE8D59,"4",100.0,100.0,100.0,Finalizado,596.0,1000000.0,0.0,160,436,579,0,0,Alexsander Campos Silva,48.48,0,0,0,,,,,,,,,,,3.67,6.00,2026-09-30 10:27:22.319 -0300,2026-09-30 10:27:22.319 -0300,48.48
651,DAVINO SABINO,"000-7332301","7332301",2026-09-23,MATRIZ,TCK2E57,"2",100.0,100.0,100.0,Finalizado,2028.0,1000000.0,0.0,975,1053,2028,0,0,Alexsander Campos Silva,71.48,0,0,0,,,,,,,,,,,2.68,10.77,2026-09-30 10:27:22.319 -0300,2026-09-30 10:27:22.319 -0300,71.48
645,MERCEARIA MENEZES,"000-7142301","7142301",2026-09-23,MATRIZ,HAI2518,"6",100.0,100.0,100.0,Finalizado,513.05,1000000.0,0.0,156,358,499,0,0,Wallace Christian Gomes Esteves   ,50.88,0,0,0,,,,,,,,,,,6.59,10.77,2026-09-30 10:27:22.319 -0300,2026-09-30 10:27:22.319 -0300,50.88
671,SUPERMERCADO BOA PRA,"000-7412501","7412501",2026-09-25,MATRIZ,OWQ4406,"6",100.0,100.0,100.0,Finalizado,533.05,1000000.0,0.0,108,426,484,0,0,Alexsander Campos Silva,44.23,0,0,0,,,,,,,,,,,3.10,8.42,2026-09-30 10:27:22.319 -0300,2026-09-30 10:27:22.319 -0300,44.23
654,BAR BATE PAPO,"000-7272401","7272401",2026-09-24,MATRIZ,TCX9E62,"6",100.0,100.0,100.0,Finalizado,1023.0,1000000.0,0.0,367,656,1013,0,0,Wallace Christian Gomes Esteves   ,97.52,0,0,0,,,,,,,,,,,4.93,8.92,2026-09-30 10:27:22.319 -0300,2026-09-30 10:27:22.319 -0300,97.52
687,MERCEARIA OLIVEIRA,"000-7232801","7232801",2026-09-28,MATRIZ,TCB7H85,"4",100.0,100.0,100.0,Finalizado,723.05,1000000.0,0.0,201,523,710,0,0,João Victor Silva Leal,114.63,0,0,0,,,,,,,,,,,6.18,9.70,2026-09-30 10:27:22.319 -0300,2026-09-30 10:27:22.319 -0300,114.63
703,SABOR NATURAL,"000-7372901","7372901",2026-09-29,MATRIZ,KKJ5170,"3",100.0,100.0,100.0,Finalizado,661.0,1000000.0,0.0,179,482,641,0,0,Leonardo Miguel,25.38,0,0,0,,,,,,,,,,,3.60,6.00,2026-09-30 10:27:22.319 -0300,2026-09-30 10:27:22.319 -0300,25.38
685,BAR LANCHANETE,"000-7322801","7322801",2026-09-28,MATRIZ,QXO9C83,"2",100.0,100.0,100.0,Finalizado,2024.125,1000000.0,0.0,481,1567,1942,0,0,Wallace Christian Gomes Esteves   ,65.37,0,0,0,,,,,,,,,,,3.20,9.70,2026-09-30 10:27:22.319 -0300,2026-09-30 10:27:22.319 -0300,65.37
653,BAR DO PAULO,"000-7252401","7252401",2026-09-24,MATRIZ,TCL0I17,"7",100.0,100.0,100.0,Finalizado,673.0,1000000.0,0.0,207,466,651,0,0,Wallace Christian Gomes Esteves   ,17.18,0,0,0,,,,,,,,,,,3.54,8.92,2026-09-30 10:27:22.319 -0300,2026-09-30 10:27:22.319 -0300,17.18
638,SUPERMERCADO PAGA PO,"000-7322301","7322301",2026-09-23,MATRIZ,QXO9C83,"5",100.0,100.0,100.0,Finalizado,2565.0,1000000.0,0.0,407,2158,2484,0,0,Wallace Christian Gomes Esteves   ,113.23,0,0,0,,,,,,,,,,,3.65,10.77,2026-09-30 10:27:22.319 -0300,2026-09-30 10:27:22.319 -0300,113.23
646,GLITZ ESPACO FASHION,"000-7152301","7152301",2026-09-23,MATRIZ,MQU8E71,"7",100.0,100.0,100.0,Finalizado,677.0,1000000.0,0.0,130,547,666,0,0,Alexsander Campos Silva,30.05,0,0,0,,,,,,,,,,,6.48,10.77,2026-09-30 10:27:22.319 -0300,2026-09-30 10:27:22.319 -0300,30.05
658,VILMAR LOPES PEREIRA,"000-7232401","7232401",2026-09-24,MATRIZ,TCB7H85,"8",100.0,100.0,100.0,Finalizado,1374.0,1000000.0,0.0,226,1148,1358,0,0,Wallace Christian Gomes Esteves   ,48.35,0,0,0,,,,,,,,,,,4.50,8.92,2026-09-30 10:27:22.319 -0300,2026-09-30 10:27:22.319 -0300,48.35
673,AÇOUGUE 2 IRMÃOS,"000-7132501","7132501",2026-09-25,MATRIZ,JXS4C69,"2",100.0,100.0,100.0,Finalizado,541.05,1000000.0,0.0,142,400,527,0,0,Wallace Christian Gomes Esteves   ,27.48,0,0,0,,,,,,,,,,,1.89,8.42,2026-09-30 10:27:22.319 -0300,2026-09-30 10:27:22.319 -0300,27.48
681,LANCHONETE RANCHO GLORIA LTDA,"000-7412502","7412502",2026-09-25,MATRIZ,OWQ4406,"8",100.0,100.0,100.0,Finalizado,513.0,1000000.0,0.0,102,411,507,0,0,Wallace Christian Gomes Esteves   ,18.12,0,0,0,,,,,,,,,,,3.49,8.42,2026-09-30 10:27:22.319 -0300,2026-09-30 10:27:22.319 -0300,18.12
650,GRELHADOS,"000-7382301","7382301",2026-09-23,MATRIZ,KKJ5250,"3",100.0,100.0,100.0,Finalizado,665.05,1000000.0,0.0,201,465,653,0,0,Wallace Christian Gomes Esteves   ,47.95,0,0,0,,,,,,,,,,,4.76,10.77,2026-09-30 10:27:22.319 -0300,2026-09-30 10:27:22.319 -0300,47.95
699,RAINHA LANCHES,"000-7242901","7242901",2026-09-29,MATRIZ,TCB7I34,"5",100.0,100.0,100.0,Finalizado,780.0,1000000.0,0.0,217,563,717,0,0,Wallace Christian Gomes Esteves   ,35.50,0,0,0,,,,,,,,,,,1.36,6.00,2026-09-30 10:27:22.319 -0300,2026-09-30 10:27:22.319 -0300,35.5
665,AUTO POSTO BELO VALE LTDA,"000-7152401","7152401",2026-09-24,MATRIZ,MQU8E71,"7",100.0,100.0,100.0,Finalizado,862.0,1000000.0,0.0,173,689,755,0,0,Wallace Christian Gomes Esteves   ,93.53,0,0,0,,,,,,,,,,,7.01,8.92,2026-09-30 10:27:22.319 -0300,2026-09-30 10:27:22.319 -0300,93.53
683,HIPER VALENTE,"000-7252801","7252801",2026-09-28,MATRIZ,TCL0I17,"4",100.0,100.0,100.0,Finalizado,716.0,1000000.0,0.0,564,152,716,0,0,Wallace Christian Gomes Esteves   ,21.12,0,0,0,,,,,,,,,,,3.55,9.70,2026-09-30 10:27:22.319 -0300,2026-09-30 10:27:22.319 -0300,21.12
682,BAR DO ALCIR,"000-7242801","7242801",2026-09-28,MATRIZ,TCB7I34,"5",100.0,100.0,100.0,Finalizado,538.0,1000000.0,0.0,214,324,538,0,0,Wallace Christian Gomes Esteves   ,18.47,0,0,0,,,,,,,,,,,2.33,9.70,2026-09-30 10:27:22.319 -0300,2026-09-30 10:27:22.319 -0300,18.47
643,SUPERMERCADO HIPERMI,"000-7412301","7412301",2026-09-23,MATRIZ,OWQ4406,"6",100.0,100.0,100.0,Finalizado,662.0,1000000.0,0.0,169,493,637,0,0,Wallace Christian Gomes Esteves   ,28.50,0,0,0,,,,,,,,,,,4.19,10.77,2026-09-30 10:27:22.319 -0300,2026-09-30 10:27:22.319 -0300,28.5
639,BAR DO OTACILIO,"000-7242301","7242301",2026-09-23,MATRIZ,TCB7I34,"4",100.0,100.0,100.0,Finalizado,961.0,1000000.0,0.0,230,731,912,0,0,Alexsander Campos Silva,36.32,0,0,0,,,,,,,,,,,3.47,10.77,2026-09-30 10:27:22.319 -0300,2026-09-30 10:27:22.319 -0300,36.32
691,FRANGOLITO GV,"000-7122801","7122801",2026-09-28,MATRIZ,DJB5C58,"6",100.0,100.0,100.0,Finalizado,1055.0,1000000.0,0.0,102,953,1034,0,0,Alexsander Campos Silva,183.88,0,0,0,,,,,,,,,,,7.25,9.70,2026-09-30 10:27:22.319 -0300,2026-09-30 10:27:22.319 -0300,183.88
641,MERCEARIA DO BINA,"000-7272301","7272301",2026-09-23,MATRIZ,JJB9B08,"2",100.0,100.0,100.0,Finalizado,1679.0,1000000.0,0.0,395,1284,1666,0,0,Wallace Christian Gomes Esteves   ,74.95,0,0,0,,,,,,,,,,,6.82,10.77,2026-09-30 10:27:22.319 -0300,2026-09-30 10:27:22.319 -0300,74.95
679,RECANTO DOS MANSOS,"000-7212501","7212501",2026-09-25,MATRIZ,JJB9B08,"6",100.0,100.0,100.0,Finalizado,1395.0,1000000.0,0.0,409,986,1365,0,0,Wallace Christian Gomes Esteves   ,133.30,0,0,0,,,,,,,,,,,3.00,8.42,2026-09-30 10:27:22.319 -0300,2026-09-30 10:27:22.319 -0300,133.3
692,BAR DO JUVENAL,"000-7132801","7132801",2026-09-28,MATRIZ,JXS4C69,"7",100.0,100.0,100.0,Finalizado,1153.0,1000000.0,0.0,92,1061,1148,0,0,Wallace Christian Gomes Esteves   ,203.97,0,0,0,,,,,,,,,,,6.99,9.70,2026-09-30 10:27:22.319 -0300,2026-09-30 10:27:22.319 -0300,203.97
696,RESTAURANTE PITADA,"000-7192801","7192801",2026-09-28,MATRIZ,KZX0905,"3",100.0,100.0,100.0,Finalizado,904.0,1000000.0,0.0,283,621,891,0,0,Alexsander Campos Silva,58.85,0,0,0,,,,,,,,,,,6.58,9.70,2026-09-30 10:27:22.319 -0300,2026-09-30 10:27:22.319 -0300,58.85
698,DEP VARGAS,"000-7402801","7402801",2026-09-28,MATRIZ,PUN0E10,"1",100.0,100.0,100.0,Finalizado,1491.0,1000000.0,0.0,381,1110,1491,0,0,Alexsander Campos Silva,24.58,0,0,0,,,,,,,,,,,6.47,9.70,2026-09-30 10:27:22.319 -0300,2026-09-30 10:27:22.319 -0300,24.58
652,SUP JUJU,"000-7242401","7242401",2026-09-24,MATRIZ,TCB7I34,"8",100.0,100.0,100.0,Finalizado,1108.0,1000000.0,0.0,244,864,1085,0,0,Wallace Christian Gomes Esteves   ,55.32,0,0,0,,,,,,,,,,,3.36,8.92,2026-09-30 10:27:22.319 -0300,2026-09-30 10:27:22.319 -0300,55.32
666,BAR DO GALDINO,"000-7182401","7182401",2026-09-24,MATRIZ,RFP8G80,"10",100.0,100.0,100.0,Finalizado,739.0,1000000.0,0.0,248,491,734,0,0,Leonardo Miguel,118.27,0,0,0,,,,,,,,,,,3.38,8.92,2026-09-30 10:27:22.319 -0300,2026-09-30 10:27:22.319 -0300,118.27
663,MEXIDAO DA TIA DELMA,"000-7132401","7132401",2026-09-24,MATRIZ,JXS4C69,"1",100.0,100.0,100.0,Finalizado,613.05,1000000.0,0.0,182,432,597,0,0,Wallace Christian Gomes Esteves   ,231.87,0,0,0,,,,,,,,,,,7.39,8.92,2026-09-30 10:27:22.319 -0300,2026-09-30 10:27:22.319 -0300,231.87
664,ACAI E CIA,"000-7142401","7142401",2026-09-24,MATRIZ,HAI2518,"8",100.0,100.0,100.0,Finalizado,675.0999999999999,1000000.0,0.0,178,499,641,0,0,Wallace Christian Gomes Esteves   ,139.45,0,0,0,,,,,,,,,,,7.22,8.92,2026-09-30 10:27:22.319 -0300,2026-09-30 10:27:22.319 -0300,139.45
662,FRANGOLITO GV,"000-7122401","7122401",2026-09-24,MATRIZ,DJB5C58,"2",100.0,100.0,100.0,Finalizado,770.5,1000000.0,0.0,136,639,747,0,0,Wallace Christian Gomes Esteves   ,171.82,0,0,0,,,,,,,,,,,6.81,8.92,2026-09-30 10:27:22.319 -0300,2026-09-30 10:27:22.319 -0300,171.82
668,BAR DO LICO,"000-7382401","7382401",2026-09-24,MATRIZ,KKJ5250,"5",100.0,100.0,100.0,Finalizado,698.0,1000000.0,0.0,134,564,661,0,0,Wallace Christian Gomes Esteves   ,54.08,0,0,0,,,,,,,,,,,6.86,8.92,2026-09-30 10:27:22.319 -0300,2026-09-30 10:27:22.319 -0300,54.08
688,MERCEARIA TORRES AMARAL,"000-7272801","7272801",2026-09-28,MATRIZ,TCX9E62,"1",100.0,100.0,100.0,Finalizado,1705.0,1000000.0,0.0,394,1311,1687,0,0,Wallace Christian Gomes Esteves   ,100.20,0,0,0,,,,,,,,,,,8.82,9.70,2026-09-30 10:27:22.319 -0300,2026-09-30 10:27:22.319 -0300,100.2
708,BRANCA BUTIQUIM,"000-7182901","7182901",2026-09-29,MATRIZ,RFP8G80,"7",100.0,100.0,100.0,Finalizado,671.0,1000000.0,0.0,140,531,657,0,0,Alexsander Campos Silva,26.38,0,0,0,,,,,,,,,,,2.63,6.00,2026-09-30 10:27:22.319 -0300,2026-09-30 10:27:22.319 -0300,26.38
709,DAIANA LAGOA SINUCA,"000-7192901","7192901",2026-09-29,MATRIZ,KZX0905,"8",100.0,100.0,100.0,Finalizado,800.0,1000000.0,0.0,169,631,786,0,0,Alexsander Campos Silva,26.02,0,0,0,,,,,,,,,,,4.24,6.00,2026-09-30 10:27:22.319 -0300,2026-09-30 10:27:22.319 -0300,26.02
690,QUASE 2,"000-7372801","7372801",2026-09-28,MATRIZ,KKJ5170,"2",100.0,100.0,100.0,Finalizado,879.25,1000000.0,0.0,117,765,632,0,0,Alexsander Campos Silva,36.93,0,0,0,,,,,,,,,,,6.88,9.70,2026-09-30 10:27:22.319 -0300,2026-09-30 10:27:22.319 -0300,36.93
706,GULA GULA,"000-7142901","7142901",2026-09-29,MATRIZ,HAI2518,"1",100.0,100.0,100.0,Finalizado,576.0,1000000.0,0.0,141,435,573,0,0,Wallace Christian Gomes Esteves   ,50.87,0,0,0,,,,,,,,,,,2.51,6.00,2026-09-30 10:27:22.319 -0300,2026-09-30 10:27:22.319 -0300,50.87
701,MANCHAS BAR,"000-7232901","7232901",2026-09-29,MATRIZ,JJB9B08,"4",100.0,100.0,100.0,Finalizado,1190.0,1000000.0,0.0,463,727,1166,0,0,Alexsander Campos Silva,23.68,0,0,0,,,,,,,,,,,2.10,6.00,2026-09-30 10:27:22.319 -0300,2026-09-30 10:27:22.319 -0300,23.68
684,LM DISTRIBUIDORA,"000-7292801","7292801",2026-09-28,MATRIZ,OWV5H27,"3",100.0,100.0,100.0,Finalizado,1400.0,1000000.0,0.0,195,1205,1303,0,0,Wallace Christian Gomes Esteves   ,25.45,0,0,0,,,,,,,,,,,3.11,9.70,2026-09-30 10:27:22.319 -0300,2026-09-30 10:27:22.319 -0300,25.45
697,RESTAURANTE E SIMILA,"000-7382801","7382801",2026-09-28,MATRIZ,KKJ5250,"2",100.0,100.0,100.0,Finalizado,1074.0,1000000.0,0.0,113,961,1072,0,0,Wallace Christian Gomes Esteves   ,53.47,0,0,0,,,,,,,,,,,6.60,9.70,2026-09-30 10:27:22.319 -0300,2026-09-30 10:27:22.319 -0300,53.47
707,PADARIA PONTO FINAL,"000-7152901","7152901",2026-09-29,MATRIZ,MQU8E71,"6",100.0,100.0,100.0,Finalizado,418.0,1000000.0,0.0,188,230,402,0,0,Wallace Christian Gomes Esteves   ,55.30,0,0,0,,,,,,,,,,,2.39,6.00,2026-09-30 10:27:22.319 -0300,2026-09-30 10:27:22.319 -0300,55.3
710,BAR DO WILTON,"000-7382901","7382901",2026-09-29,MATRIZ,KKJ5250,"1",100.0,100.0,100.0,Finalizado,470.0,1000000.0,0.0,175,295,455,0,0,Alexsander Campos Silva,11.77,0,0,0,,,,,,,,,,,4.07,6.00,2026-09-30 10:27:22.319 -0300,2026-09-30 10:27:22.319 -0300,11.77
705,JUSCILENE APARECIDA BRITO DE S,"000-7132901","7132901",2026-09-29,MATRIZ,JXS4C69,"2",100.0,100.0,100.0,Finalizado,543.75,1000000.0,0.0,212,406,502,0,0,Leonardo Miguel,106.68,0,0,0,,,,,,,,,,,2.88,6.00,2026-09-30 10:27:22.319 -0300,2026-09-30 10:27:22.319 -0300,106.68
