"locality_name","start_of_operation","data_operacao","assembler_name","fim","inicio","horas"
MATRIZ,2026-09-02 20:45:00.000,"2026-09-02",Cleiton Aparecido Da Costa,2026-09-03 01:44:45.000,2026-09-02 21:24:54.000,"04:19:51"
MATRIZ,2026-09-02 20:45:00.000,"2026-09-02",Geraldo Teixeira Baia Junior,2026-09-03 01:40:15.000,2026-09-02 21:24:49.000,"04:15:26"
MATRIZ,2026-09-02 20:45:00.000,"2026-09-02",Leonardo Caetano Rodrigues,2026-09-03 01:49:47.000,2026-09-02 21:24:55.000,"04:24:52"
MATRIZ,2026-09-02 20:45:00.000,"2026-09-02",Marcos Vinicio Alves Pessoa,2026-09-03 01:47:27.000,2026-09-02 21:24:50.000,"04:22:37"
MATRIZ,2026-09-03 19:37:00.000,"2026-09-03",Geraldo Teixeira Baia Junior,2026-09-04 04:30:10.000,2026-09-03 21:56:51.000,"06:33:19"
MATRIZ,2026-09-03 19:37:00.000,"2026-09-03",Marcos Vinicio Alves Pessoa,2026-09-04 03:15:15.000,2026-09-03 21:19:01.000,"05:56:14"
MATRIZ,2026-09-03 19:37:00.000,"2026-09-03",Natan Silva Medeiros Júnior,2026-09-04 03:17:15.000,2026-09-03 21:27:00.000,"05:50:15"
MATRIZ,2026-09-03 19:37:00.000,"2026-09-03",Pedro Lucas Procópio dos Santos,2026-09-04 03:27:41.000,2026-09-03 22:10:36.000,"05:17:05"
MATRIZ,2026-09-04 20:41:00.000,"2026-09-04",Geraldo Teixeira Baia Junior,2026-09-05 02:45:34.000,2026-09-04 23:46:01.000,"02:59:33"
MATRIZ,2026-09-04 20:41:00.000,"2026-09-04",Gianmiller Moraes,2026-09-05 02:51:59.000,2026-09-04 21:49:14.000,"05:02:45"
MATRIZ,2026-09-04 20:41:00.000,"2026-09-04",Marcos Vinicio Alves Pessoa,2026-09-05 02:46:53.000,2026-09-04 22:09:54.000,"04:36:59"
MATRIZ,2026-09-04 20:41:00.000,"2026-09-04",Natan Silva Medeiros Júnior,2026-09-05 02:38:54.000,2026-09-04 21:40:31.000,"04:58:23"
MATRIZ,2026-09-04 20:41:00.000,"2026-09-04",Pedro Lucas Procópio dos Santos,2026-09-05 02:49:19.000,2026-09-04 21:54:20.000,"04:54:59"
MATRIZ,2026-09-07 19:48:00.000,"2026-09-07",Gianmiller Moraes,2026-09-08 02:37:01.000,2026-09-07 20:18:34.000,"06:18:27"
MATRIZ,2026-09-07 19:48:00.000,"2026-09-07",Marcos Vinicio Alves Pessoa,2026-09-08 02:19:39.000,2026-09-07 20:17:28.000,"06:02:11"
MATRIZ,2026-09-07 19:48:00.000,"2026-09-07",Natan Silva Medeiros Júnior,2026-09-08 02:11:32.000,2026-09-07 20:18:02.000,"05:53:30"
MATRIZ,2026-09-07 19:48:00.000,"2026-09-07",Pedro Lucas Procópio dos Santos,2026-09-08 02:17:42.000,2026-09-07 20:17:24.000,"06:00:18"
MATRIZ,2026-09-08 20:29:00.000,"2026-09-08",Denilton Batista Dos Santos,2026-09-09 02:59:45.000,2026-09-08 21:22:01.000,"05:37:44"
MATRIZ,2026-09-08 20:29:00.000,"2026-09-08",Felipe Rogerio Estevam Da Silva ,2026-09-09 02:54:29.000,2026-09-08 21:43:57.000,"05:10:32"
MATRIZ,2026-09-08 20:29:00.000,"2026-09-08",Gianmiller Moraes,2026-09-09 03:03:11.000,2026-09-08 21:09:09.000,"05:54:02"
MATRIZ,2026-09-08 20:29:00.000,"2026-09-08",Leonardo Caetano Rodrigues,2026-09-09 03:15:30.000,2026-09-08 21:08:09.000,"06:07:21"
MATRIZ,2026-09-08 20:29:00.000,"2026-09-08",Marcos Vinicio Alves Pessoa,2026-09-09 03:26:13.000,2026-09-08 21:51:15.000,"05:34:58"
MATRIZ,2026-09-08 20:29:00.000,"2026-09-08",Natan Silva Medeiros Júnior,2026-09-09 02:02:27.000,2026-09-08 21:15:33.000,"04:46:54"
MATRIZ,2026-09-08 20:29:00.000,"2026-09-08",Pedro Lucas Procópio dos Santos,2026-09-09 02:47:49.000,2026-09-08 21:51:08.000,"04:56:41"
MATRIZ,2026-09-09 19:04:00.000,"2026-09-09",Denilton Batista Dos Santos,2026-09-10 04:52:09.000,2026-09-09 22:46:49.000,"06:05:20"
MATRIZ,2026-09-09 19:04:00.000,"2026-09-09",Felipe Rogerio Estevam Da Silva ,2026-09-10 04:00:57.000,2026-09-09 22:36:54.000,"05:24:03"
MATRIZ,2026-09-09 19:04:00.000,"2026-09-09",Gianmiller Moraes,2026-09-10 04:59:49.000,2026-09-09 22:33:39.000,"06:26:10"
MATRIZ,2026-09-09 19:04:00.000,"2026-09-09",Leonardo Caetano Rodrigues,2026-09-10 03:40:51.000,2026-09-09 22:13:43.000,"05:27:08"
MATRIZ,2026-09-09 19:04:00.000,"2026-09-09",Marcos Vinicio Alves Pessoa,2026-09-10 04:38:55.000,2026-09-09 22:23:25.000,"06:15:30"
MATRIZ,2026-09-09 19:04:00.000,"2026-09-09",Natan Silva Medeiros Júnior,2026-09-10 04:52:57.000,2026-09-09 22:34:06.000,"06:18:51"
MATRIZ,2026-09-09 19:04:00.000,"2026-09-09",Pedro Lucas Procópio dos Santos,2026-09-10 04:29:51.000,2026-09-09 22:11:39.000,"06:18:12"
MATRIZ,2026-09-10 20:11:00.000,"2026-09-10",Denilton Batista Dos Santos,2026-09-11 02:56:07.000,2026-09-10 21:54:46.000,"05:01:21"
MATRIZ,2026-09-10 20:11:00.000,"2026-09-10",Felipe Rogerio Estevam Da Silva ,2026-09-11 02:57:52.000,2026-09-10 21:28:01.000,"05:29:51"
MATRIZ,2026-09-10 20:11:00.000,"2026-09-10",Geraldo Teixeira Baia Junior,2026-09-11 00:04:42.000,2026-09-10 22:48:02.000,"01:16:40"
MATRIZ,2026-09-10 20:11:00.000,"2026-09-10",Gianmiller Moraes,2026-09-11 03:10:53.000,2026-09-10 22:04:08.000,"05:06:45"
MATRIZ,2026-09-10 20:11:00.000,"2026-09-10",Leonardo Caetano Rodrigues,2026-09-11 02:50:34.000,2026-09-10 21:46:09.000,"05:04:25"
MATRIZ,2026-09-10 20:11:00.000,"2026-09-10",Marcos Vinicio Alves Pessoa,2026-09-11 02:39:50.000,2026-09-10 21:43:03.000,"04:56:47"
MATRIZ,2026-09-10 20:11:00.000,"2026-09-10",Natan Silva Medeiros Júnior,2026-09-11 03:00:42.000,2026-09-10 22:22:53.000,"04:37:49"
MATRIZ,2026-09-10 20:11:00.000,"2026-09-10",Pedro Lucas Procópio dos Santos,2026-09-11 02:56:21.000,2026-09-10 21:45:44.000,"05:10:37"
MATRIZ,2026-09-10 20:11:00.000,"2026-09-10",Wallace Christian Gomes Esteves   ,2026-09-10 23:31:12.000,2026-09-10 21:46:16.000,"01:44:56"
MATRIZ,2026-09-11 18:36:00.000,"2026-09-11",Denilton Batista Dos Santos,2026-09-12 01:41:27.000,2026-09-11 20:29:10.000,"05:12:17"
MATRIZ,2026-09-11 18:36:00.000,"2026-09-11",Felipe Rogerio Estevam Da Silva ,2026-09-12 01:29:23.000,2026-09-11 20:35:53.000,"04:53:30"
MATRIZ,2026-09-11 18:36:00.000,"2026-09-11",Gianmiller Moraes,2026-09-12 01:53:30.000,2026-09-11 20:29:29.000,"05:24:01"
MATRIZ,2026-09-11 18:36:00.000,"2026-09-11",Leonardo Caetano Rodrigues,2026-09-12 01:26:59.000,2026-09-11 20:27:54.000,"04:59:05"
MATRIZ,2026-09-11 18:36:00.000,"2026-09-11",Marcos Vinicio Alves Pessoa,2026-09-12 01:43:19.000,2026-09-11 20:28:34.000,"05:14:45"
MATRIZ,2026-09-11 18:36:00.000,"2026-09-11",Natan Silva Medeiros Júnior,2026-09-12 01:31:40.000,2026-09-11 20:28:19.000,"05:03:21"
MATRIZ,2026-09-11 18:36:00.000,"2026-09-11",Pedro Lucas Procópio dos Santos,2026-09-12 01:28:26.000,2026-09-11 20:28:44.000,"04:59:42"
MATRIZ,2026-09-11 18:36:00.000,"2026-09-11",Wallace Christian Gomes Esteves   ,2026-09-12 00:20:15.000,2026-09-11 20:29:04.000,"03:51:11"
MATRIZ,2026-09-11 18:36:00.000,"2026-09-11",Wanderson Felipe De Almeida Santos,2026-09-12 01:42:12.000,2026-09-11 20:33:29.000,"05:08:43"
MATRIZ,2026-09-14 18:18:00.000,"2026-09-14",Adilson José Gonçalves,2026-09-15 00:07:07.000,2026-09-14 20:34:03.000,"03:33:04"
MATRIZ,2026-09-14 18:18:00.000,"2026-09-14",Denilton Batista Dos Santos,2026-09-15 02:31:32.000,2026-09-14 20:23:08.000,"06:08:24"
MATRIZ,2026-09-14 18:18:00.000,"2026-09-14",Felipe Rogerio Estevam Da Silva ,2026-09-15 03:23:03.000,2026-09-14 20:13:52.000,"07:09:11"
MATRIZ,2026-09-14 18:18:00.000,"2026-09-14",Geraldo Teixeira Baia Junior,2026-09-14 23:33:12.000,2026-09-14 19:00:32.000,"04:32:40"
MATRIZ,2026-09-14 18:18:00.000,"2026-09-14",Gianmiller Moraes,2026-09-15 03:23:24.000,2026-09-14 20:20:13.000,"07:03:11"
MATRIZ,2026-09-14 18:18:00.000,"2026-09-14",Leonardo Caetano Rodrigues,2026-09-15 02:37:57.000,2026-09-14 20:13:58.000,"06:23:59"
MATRIZ,2026-09-14 18:18:00.000,"2026-09-14",Leonardo Miguel,2026-09-15 02:50:59.000,2026-09-15 02:36:36.000,"00:14:23"
MATRIZ,2026-09-14 18:18:00.000,"2026-09-14",Marcos Vinicio Alves Pessoa,2026-09-15 03:29:44.000,2026-09-14 20:13:58.000,"07:15:46"
MATRIZ,2026-09-14 18:18:00.000,"2026-09-14",Natan Silva Medeiros Júnior,2026-09-15 03:28:27.000,2026-09-14 20:14:01.000,"07:14:26"
MATRIZ,2026-09-14 18:18:00.000,"2026-09-14",Pedro Lucas Procópio dos Santos,2026-09-15 03:31:17.000,2026-09-14 20:15:09.000,"07:16:08"
MATRIZ,2026-09-14 18:18:00.000,"2026-09-14",Wallace Christian Gomes Esteves   ,2026-09-14 20:27:41.000,2026-09-14 20:15:05.000,"00:12:36"
MATRIZ,2026-09-15 20:39:00.000,"2026-09-15",Felipe Rogerio Estevam Da Silva ,2026-09-16 01:56:39.000,2026-09-15 22:06:00.000,"03:50:39"
MATRIZ,2026-09-15 20:39:00.000,"2026-09-15",Geraldo Teixeira Baia Junior,2026-09-15 23:45:31.000,2026-09-15 23:29:50.000,"00:15:41"
MATRIZ,2026-09-15 20:39:00.000,"2026-09-15",Gianmiller Moraes,2026-09-16 02:54:04.000,2026-09-15 22:20:21.000,"04:33:43"
MATRIZ,2026-09-15 20:39:00.000,"2026-09-15",Leonardo Caetano Rodrigues,2026-09-16 02:11:32.000,2026-09-15 22:06:06.000,"04:05:26"
MATRIZ,2026-09-15 20:39:00.000,"2026-09-15",Marcos Vinicio Alves Pessoa,2026-09-16 02:12:34.000,2026-09-15 21:56:35.000,"04:15:59"
MATRIZ,2026-09-15 20:39:00.000,"2026-09-15",Natan Silva Medeiros Júnior,2026-09-16 02:14:39.000,2026-09-15 22:04:50.000,"04:09:49"
MATRIZ,2026-09-15 20:39:00.000,"2026-09-15",Pedro Lucas Procópio dos Santos,2026-09-16 02:37:25.000,2026-09-15 22:15:43.000,"04:21:42"
MATRIZ,2026-09-16 19:06:00.000,"2026-09-16",Adilson José Gonçalves,2026-09-17 03:36:32.000,2026-09-16 20:17:29.000,"07:19:03"
MATRIZ,2026-09-16 19:06:00.000,"2026-09-16",Denilton Batista Dos Santos,2026-09-17 03:55:21.000,2026-09-16 23:14:25.000,"04:40:56"
MATRIZ,2026-09-16 19:06:00.000,"2026-09-16",Felipe Rogerio Estevam Da Silva ,2026-09-17 03:27:47.000,2026-09-16 22:47:14.000,"04:40:33"
MATRIZ,2026-09-16 19:06:00.000,"2026-09-16",Gianmiller Moraes,2026-09-17 03:20:03.000,2026-09-16 22:44:58.000,"04:35:05"
MATRIZ,2026-09-16 19:06:00.000,"2026-09-16",Leonardo Caetano Rodrigues,2026-09-17 03:31:20.000,2026-09-16 20:32:18.000,"06:59:02"
MATRIZ,2026-09-16 19:06:00.000,"2026-09-16",Marcos Vinicio Alves Pessoa,2026-09-17 03:25:31.000,2026-09-16 22:29:07.000,"04:56:24"
MATRIZ,2026-09-16 19:06:00.000,"2026-09-16",Natan Silva Medeiros Júnior,2026-09-17 03:31:40.000,2026-09-16 22:58:59.000,"04:32:41"
MATRIZ,2026-09-16 19:06:00.000,"2026-09-16",Pedro Lucas Procópio dos Santos,2026-09-17 03:39:02.000,2026-09-16 22:25:28.000,"05:13:34"
MATRIZ,2026-09-17 20:41:00.000,"2026-09-17",Adilson José Gonçalves,2026-09-18 03:04:21.000,2026-09-17 21:35:22.000,"05:28:59"
MATRIZ,2026-09-17 20:41:00.000,"2026-09-17",Denilton Batista Dos Santos,2026-09-18 03:06:48.000,2026-09-17 21:30:40.000,"05:36:08"
MATRIZ,2026-09-17 20:41:00.000,"2026-09-17",Felipe Rogerio Estevam Da Silva ,2026-09-18 01:53:31.000,2026-09-17 21:37:35.000,"04:15:56"
MATRIZ,2026-09-17 20:41:00.000,"2026-09-17",Geraldo Teixeira Baia Junior,2026-09-17 23:59:02.000,2026-09-17 23:24:36.000,"00:34:26"
MATRIZ,2026-09-17 20:41:00.000,"2026-09-17",Gianmiller Moraes,2026-09-18 02:49:24.000,2026-09-17 21:52:17.000,"04:57:07"
MATRIZ,2026-09-17 20:41:00.000,"2026-09-17",Leonardo Caetano Rodrigues,2026-09-18 02:55:25.000,2026-09-17 21:37:04.000,"05:18:21"
MATRIZ,2026-09-17 20:41:00.000,"2026-09-17",Marcos Vinicio Alves Pessoa,2026-09-18 02:54:54.000,2026-09-17 21:21:17.000,"05:33:37"
MATRIZ,2026-09-17 20:41:00.000,"2026-09-17",Natan Silva Medeiros Júnior,2026-09-18 03:03:21.000,2026-09-17 21:49:22.000,"05:13:59"
MATRIZ,2026-09-17 20:41:00.000,"2026-09-17",Pedro Lucas Procópio dos Santos,2026-09-18 03:11:06.000,2026-09-18 01:32:11.000,"01:38:55"
MATRIZ,2026-09-18 21:10:00.000,"2026-09-18",Adilson José Gonçalves,2026-09-18 22:59:45.000,2026-09-18 21:49:55.000,"01:09:50"
MATRIZ,2026-09-18 21:10:00.000,"2026-09-18",Denilton Batista Dos Santos,2026-09-19 02:50:46.000,2026-09-18 21:44:21.000,"05:06:25"
MATRIZ,2026-09-18 21:10:00.000,"2026-09-18",Gianmiller Moraes,2026-09-19 02:45:37.000,2026-09-18 21:35:09.000,"05:10:28"
MATRIZ,2026-09-18 21:10:00.000,"2026-09-18",Leonardo Caetano Rodrigues,2026-09-19 02:41:22.000,2026-09-18 21:34:44.000,"05:06:38"
MATRIZ,2026-09-18 21:10:00.000,"2026-09-18",Leonardo Miguel,2026-09-19 02:47:24.000,2026-09-19 01:03:19.000,"01:44:05"
MATRIZ,2026-09-18 21:10:00.000,"2026-09-18",Marcos Vinicio Alves Pessoa,2026-09-19 02:47:37.000,2026-09-18 21:34:40.000,"05:12:57"
MATRIZ,2026-09-18 21:10:00.000,"2026-09-18",Natan Silva Medeiros Júnior,2026-09-19 02:39:04.000,2026-09-18 21:31:52.000,"05:07:12"
MATRIZ,2026-09-18 21:10:00.000,"2026-09-18",Pedro Lucas Procópio dos Santos,2026-09-19 02:39:40.000,2026-09-18 22:18:59.000,"04:20:41"
MATRIZ,2026-09-21 20:48:00.000,"2026-09-21",Adilson José Gonçalves,2026-09-22 04:20:35.000,2026-09-21 21:15:14.000,"07:05:21"
MATRIZ,2026-09-21 20:48:00.000,"2026-09-21",Denilton Batista Dos Santos,2026-09-22 04:14:28.000,2026-09-21 21:27:39.000,"06:46:49"
MATRIZ,2026-09-21 20:48:00.000,"2026-09-21",Felipe Rogerio Estevam Da Silva ,2026-09-22 04:23:19.000,2026-09-21 20:56:00.000,"07:27:19"
MATRIZ,2026-09-21 20:48:00.000,"2026-09-21",Geraldo Teixeira Baia Junior,2026-09-22 03:50:53.000,2026-09-21 21:37:54.000,"06:12:59"
MATRIZ,2026-09-21 20:48:00.000,"2026-09-21",Gianmiller Moraes,2026-09-22 04:27:57.000,2026-09-21 21:19:10.000,"07:08:47"
MATRIZ,2026-09-21 20:48:00.000,"2026-09-21",Leonardo Caetano Rodrigues,2026-09-22 04:17:53.000,2026-09-21 21:25:52.000,"06:52:01"
MATRIZ,2026-09-21 20:48:00.000,"2026-09-21",Marcos Vinicio Alves Pessoa,2026-09-22 04:17:57.000,2026-09-21 21:34:16.000,"06:43:41"
MATRIZ,2026-09-21 20:48:00.000,"2026-09-21",Natan Silva Medeiros Júnior,2026-09-22 03:43:35.000,2026-09-21 21:38:03.000,"06:05:32"
MATRIZ,2026-09-21 20:48:00.000,"2026-09-21",Pedro Lucas Procópio dos Santos,2026-09-22 04:33:08.000,2026-09-22 01:26:39.000,"03:06:29"
MATRIZ,2026-09-22 18:53:00.000,"2026-09-22",Adilson José Gonçalves,2026-09-22 23:32:32.000,2026-09-22 20:09:17.000,"03:23:15"
MATRIZ,2026-09-22 18:53:00.000,"2026-09-22",Denilton Batista Dos Santos,2026-09-22 23:52:12.000,2026-09-22 20:10:43.000,"03:41:29"
MATRIZ,2026-09-22 18:53:00.000,"2026-09-22",Felipe Rogerio Estevam Da Silva ,2026-09-22 23:34:39.000,2026-09-22 20:09:14.000,"03:25:25"
MATRIZ,2026-09-22 18:53:00.000,"2026-09-22",Freelancer 01,2026-09-22 23:26:05.000,2026-09-22 20:15:18.000,"03:10:47"
MATRIZ,2026-09-22 18:53:00.000,"2026-09-22",Freelancer 02,2026-09-22 23:16:19.000,2026-09-22 20:11:52.000,"03:04:27"
MATRIZ,2026-09-22 18:53:00.000,"2026-09-22",Gianmiller Moraes,2026-09-22 23:18:05.000,2026-09-22 20:11:34.000,"03:06:31"
MATRIZ,2026-09-22 18:53:00.000,"2026-09-22",Leonardo Caetano Rodrigues,2026-09-22 23:22:45.000,2026-09-22 20:11:29.000,"03:11:16"
MATRIZ,2026-09-22 18:53:00.000,"2026-09-22",Marcos Vinicio Alves Pessoa,2026-09-22 23:13:58.000,2026-09-22 20:10:28.000,"03:03:30"
MATRIZ,2026-09-22 18:53:00.000,"2026-09-22",Natan Silva Medeiros Júnior,2026-09-22 23:27:32.000,2026-09-22 20:10:05.000,"03:17:27"
MATRIZ,2026-09-22 18:53:00.000,"2026-09-22",Paulo Rozani Lopes Da Silva,2026-09-22 23:32:40.000,2026-09-22 20:16:31.000,"03:16:09"
MATRIZ,2026-09-22 18:53:00.000,"2026-09-22",Pedro Lucas Procópio dos Santos,2026-09-22 23:21:32.000,2026-09-22 22:17:35.000,"01:03:57"
MATRIZ,2026-09-23 18:14:00.000,"2026-09-23",Adilson José Gonçalves,2026-09-23 22:31:59.000,2026-09-23 20:13:24.000,"02:18:35"
MATRIZ,2026-09-23 18:14:00.000,"2026-09-23",Felipe Rogerio Estevam Da Silva ,2026-09-24 04:16:28.000,2026-09-23 20:09:36.000,"08:06:52"
MATRIZ,2026-09-23 18:14:00.000,"2026-09-23",Freelancer 01,2026-09-24 03:14:08.000,2026-09-23 20:21:11.000,"06:52:57"
MATRIZ,2026-09-23 18:14:00.000,"2026-09-23",Freelancer 02,2026-09-23 22:16:01.000,2026-09-23 20:10:49.000,"02:05:12"
MATRIZ,2026-09-23 18:14:00.000,"2026-09-23",Freelancer 03,2026-09-23 22:40:27.000,2026-09-23 21:37:54.000,"01:02:33"
MATRIZ,2026-09-23 18:14:00.000,"2026-09-23",Gianmiller Moraes,2026-09-24 03:54:57.000,2026-09-23 20:12:16.000,"07:42:41"
MATRIZ,2026-09-23 18:14:00.000,"2026-09-23",Leonardo Caetano Rodrigues,2026-09-24 04:11:24.000,2026-09-23 20:13:00.000,"07:58:24"
MATRIZ,2026-09-23 18:14:00.000,"2026-09-23",Marcos Vinicio Alves Pessoa,2026-09-24 04:50:59.000,2026-09-23 20:10:25.000,"08:40:34"
MATRIZ,2026-09-23 18:14:00.000,"2026-09-23",Natan Silva Medeiros Júnior,2026-09-24 03:59:15.000,2026-09-23 20:10:24.000,"07:48:51"
MATRIZ,2026-09-23 18:14:00.000,"2026-09-23",Paulo Rozani Lopes Da Silva,2026-09-23 22:30:40.000,2026-09-23 20:13:45.000,"02:16:55"
MATRIZ,2026-09-23 18:14:00.000,"2026-09-23",Pedro Lucas Procópio dos Santos,2026-09-24 04:40:04.000,2026-09-24 02:15:30.000,"02:24:34"
MATRIZ,2026-09-24 19:18:00.000,"2026-09-24",Adilson José Gonçalves,2026-09-24 23:24:59.000,2026-09-24 20:14:59.000,"03:10:00"
MATRIZ,2026-09-24 19:18:00.000,"2026-09-24",Denilton Batista Dos Santos,2026-09-25 03:29:17.000,2026-09-24 20:15:07.000,"07:14:10"
MATRIZ,2026-09-24 19:18:00.000,"2026-09-24",Felipe Rogerio Estevam Da Silva ,2026-09-25 02:25:58.000,2026-09-24 20:09:33.000,"06:16:25"
MATRIZ,2026-09-24 19:18:00.000,"2026-09-24",Freelancer 02,2026-09-24 23:25:25.000,2026-09-24 20:15:26.000,"03:09:59"
MATRIZ,2026-09-24 19:18:00.000,"2026-09-24",Geraldo Teixeira Baia Junior,2026-09-25 01:54:20.000,2026-09-24 20:13:30.000,"05:40:50"
MATRIZ,2026-09-24 19:18:00.000,"2026-09-24",Gianmiller Moraes,2026-09-25 03:36:48.000,2026-09-24 20:14:31.000,"07:22:17"
MATRIZ,2026-09-24 19:18:00.000,"2026-09-24",Leonardo Caetano Rodrigues,2026-09-25 03:30:51.000,2026-09-24 20:10:15.000,"07:20:36"
MATRIZ,2026-09-24 19:18:00.000,"2026-09-24",Marcos Vinicio Alves Pessoa,2026-09-25 03:12:27.000,2026-09-24 20:09:42.000,"07:02:45"
MATRIZ,2026-09-24 19:18:00.000,"2026-09-24",Natan Silva Medeiros Júnior,2026-09-25 03:07:09.000,2026-09-24 20:09:46.000,"06:57:23"
MATRIZ,2026-09-24 19:18:00.000,"2026-09-24",Paulo Rozani Lopes Da Silva,2026-09-25 01:42:18.000,2026-09-24 20:15:37.000,"05:26:41"
MATRIZ,2026-09-24 19:18:00.000,"2026-09-24",Pedro Lucas Procópio dos Santos,2026-09-25 03:20:00.000,2026-09-25 01:28:20.000,"01:51:40"
MATRIZ,2026-09-25 18:29:00.000,"2026-09-25",Adilson José Gonçalves,2026-09-25 22:02:01.000,2026-09-25 20:08:25.000,"01:53:36"
MATRIZ,2026-09-25 18:29:00.000,"2026-09-25",Denilton Batista Dos Santos,2026-09-25 22:23:54.000,2026-09-25 20:10:38.000,"02:13:16"
MATRIZ,2026-09-25 18:29:00.000,"2026-09-25",Freelancer 01,2026-09-26 00:00:49.000,2026-09-25 20:12:30.000,"03:48:19"
MATRIZ,2026-09-25 18:29:00.000,"2026-09-25",Freelancer 02,2026-09-25 22:07:21.000,2026-09-25 20:08:09.000,"01:59:12"
MATRIZ,2026-09-25 18:29:00.000,"2026-09-25",Freelancer 03,2026-09-25 21:53:20.000,2026-09-25 20:13:58.000,"01:39:22"
MATRIZ,2026-09-25 18:29:00.000,"2026-09-25",Geraldo Teixeira Baia Junior,2026-09-25 22:00:55.000,2026-09-25 20:09:17.000,"01:51:38"
MATRIZ,2026-09-25 18:29:00.000,"2026-09-25",Gianmiller Moraes,2026-09-25 22:07:41.000,2026-09-25 20:10:53.000,"01:56:48"
MATRIZ,2026-09-25 18:29:00.000,"2026-09-25",Leonardo Caetano Rodrigues,2026-09-26 02:18:58.000,2026-09-25 20:08:41.000,"06:10:17"
MATRIZ,2026-09-25 18:29:00.000,"2026-09-25",Marcos Vinicio Alves Pessoa,2026-09-25 22:08:08.000,2026-09-25 20:08:26.000,"01:59:42"
MATRIZ,2026-09-25 18:29:00.000,"2026-09-25",Natan Silva Medeiros Júnior,2026-09-26 02:29:55.000,2026-09-25 20:08:40.000,"06:21:15"
MATRIZ,2026-09-25 18:29:00.000,"2026-09-25",Paulo Rozani Lopes Da Silva,2026-09-26 02:45:57.000,2026-09-25 20:09:02.000,"06:36:55"
MATRIZ,2026-09-28 18:45:00.000,"2026-09-28",Adilson José Gonçalves,2026-09-29 03:10:44.000,2026-09-28 20:14:45.000,"06:55:59"
MATRIZ,2026-09-28 18:45:00.000,"2026-09-28",Denilton Batista Dos Santos,2026-09-29 02:55:20.000,2026-09-28 20:14:58.000,"06:40:22"
MATRIZ,2026-09-28 18:45:00.000,"2026-09-28",Felipe Rogerio Estevam Da Silva ,2026-09-29 03:15:59.000,2026-09-28 20:13:24.000,"07:02:35"
MATRIZ,2026-09-28 18:45:00.000,"2026-09-28",Freelancer 01,2026-09-29 01:29:45.000,2026-09-28 20:16:23.000,"05:13:22"
MATRIZ,2026-09-28 18:45:00.000,"2026-09-28",Freelancer 03,2026-09-29 03:06:18.000,2026-09-28 20:13:25.000,"06:52:53"
MATRIZ,2026-09-28 18:45:00.000,"2026-09-28",Freelancer 04,2026-09-29 03:26:08.000,2026-09-28 20:53:25.000,"06:32:43"
MATRIZ,2026-09-28 18:45:00.000,"2026-09-28",Geraldo Teixeira Baia Junior,2026-09-28 23:48:26.000,2026-09-28 20:48:31.000,"02:59:55"
MATRIZ,2026-09-28 18:45:00.000,"2026-09-28",Gianmiller Moraes,2026-09-29 03:36:08.000,2026-09-28 20:15:37.000,"07:20:31"
MATRIZ,2026-09-28 18:45:00.000,"2026-09-28",Leonardo Caetano Rodrigues,2026-09-29 03:12:43.000,2026-09-28 20:13:24.000,"06:59:19"
MATRIZ,2026-09-28 18:45:00.000,"2026-09-28",Marcos Vinicio Alves Pessoa,2026-09-28 20:38:55.000,2026-09-28 20:17:07.000,"00:21:48"
MATRIZ,2026-09-28 18:45:00.000,"2026-09-28",Natan Silva Medeiros Júnior,2026-09-29 03:15:23.000,2026-09-28 20:13:54.000,"07:01:29"
MATRIZ,2026-09-28 18:45:00.000,"2026-09-28",Paulo Rozani Lopes Da Silva,2026-09-29 03:32:05.000,2026-09-28 20:15:34.000,"07:16:31"
MATRIZ,2026-09-28 18:45:00.000,"2026-09-28",Pedro Lucas Procópio dos Santos,2026-09-29 03:09:39.000,2026-09-28 23:43:16.000,"03:26:23"
MATRIZ,2026-09-29 19:30:00.000,"2026-09-29",Adilson José Gonçalves,2026-09-30 00:20:48.000,2026-09-29 20:12:12.000,"04:08:36"
MATRIZ,2026-09-29 19:30:00.000,"2026-09-29",Felipe Rogerio Estevam Da Silva ,2026-09-30 00:11:49.000,2026-09-29 20:11:22.000,"04:00:27"
MATRIZ,2026-09-29 19:30:00.000,"2026-09-29",Freelancer 02,2026-09-29 23:57:30.000,2026-09-29 20:11:25.000,"03:46:05"
MATRIZ,2026-09-29 19:30:00.000,"2026-09-29",Geraldo Teixeira Baia Junior,2026-09-30 00:05:05.000,2026-09-29 20:37:05.000,"03:28:00"
MATRIZ,2026-09-29 19:30:00.000,"2026-09-29",Gianmiller Moraes,2026-09-29 23:51:10.000,2026-09-29 20:12:17.000,"03:38:53"
MATRIZ,2026-09-29 19:30:00.000,"2026-09-29",Leonardo Caetano Rodrigues,2026-09-30 00:03:27.000,2026-09-29 20:11:30.000,"03:51:57"
MATRIZ,2026-09-29 19:30:00.000,"2026-09-29",Natan Silva Medeiros Júnior,2026-09-29 23:54:45.000,2026-09-29 20:11:47.000,"03:42:58"
MATRIZ,2026-09-29 19:30:00.000,"2026-09-29",Pedro Lucas Procópio dos Santos,2026-09-29 23:48:16.000,2026-09-29 22:13:47.000,"01:34:29"
