INÍCIO DA OPERAÇÃO,PRIMEIRA MONTAGEM,ULTIMA MONTAGEM,DURAÇÃO DA MONTAGEM,PRIMEIRA CONFERENCIA,ULTIMA CONFERENCIA,DURAÇÃO DA CONFERENCIA,PRIMEIRO EMPILHAMENTO,ULTIMO EMPILHAMENTO,DURAÇÃO DO EMPILHAMENTO,data_operacao
2026-09-14 18:44:32.852349,2026-09-14 19:00:32.601888,2026-09-15 03:31:17.638178,08:30:45,2026-09-14 20:17:08.733517,2026-09-15 04:25:21.310440,08:08:12,2026-09-14 20:57:44.188230,2026-09-15 04:12:28.830696,07:14:44,2026-09-14
2026-09-15 20:56:41.357281,2026-09-15 21:39:37.304930,2026-09-16 02:54:04.406699,05:14:27,2026-09-15 22:34:46.491140,2026-09-16 03:37:02.521756,05:02:16,2026-09-15 23:23:45.448139,2026-09-16 03:30:08.706322,04:06:23,2026-09-15
2026-09-15 20:51:45.716837,2026-09-16 18:02:22.928688,2026-09-16 18:44:07.137765,00:41:44,2026-09-16 18:02:59.040145,2026-09-16 18:44:27.340337,00:41:28,,,,2026-09-15
2026-09-16 19:38:36.168041,2026-09-16 20:17:29.149265,2026-09-17 03:55:21.147524,07:37:51,2026-09-16 20:47:17.774962,2026-09-17 04:32:41.552824,07:45:23,2026-09-16 21:46:35.598465,2026-09-17 04:29:38.846104,06:43:03,2026-09-16
2026-09-17 21:02:05.195217,2026-09-17 21:18:53.938807,2026-09-18 03:24:00.846437,06:05:06,2026-09-17 22:30:46.383743,2026-09-18 04:21:07.891695,05:50:21,2026-09-17 23:48:46.676682,2026-09-18 04:17:43.381203,04:28:56,2026-09-17
2026-09-18 21:18:31.192357,2026-09-18 21:19:57.016218,2026-09-19 02:56:08.713362,05:36:11,2026-09-18 21:50:59.383089,2026-09-19 03:38:36.267321,05:47:36,2026-09-18 23:00:41.117981,2026-09-19 03:38:26.022716,04:37:44,2026-09-18
2026-09-21 20:55:02.624293,2026-09-21 20:56:00.566765,2026-09-22 04:33:08.298722,07:37:07,2026-09-21 21:26:05.198371,2026-09-22 05:24:49.946053,07:58:44,2026-09-21 23:33:42.732248,2026-09-22 05:24:15.857090,05:50:33,2026-09-21
2026-09-22 19:17:44.552609,2026-09-22 20:09:14.217269,2026-09-22 23:52:12.046766,03:42:57,2026-09-22 20:25:52.626929,2026-09-23 02:36:15.971717,06:10:23,2026-09-22 23:15:29.062409,2026-09-23 02:23:56.735208,03:08:27,2026-09-22
2026-09-23 18:43:57.038002,2026-09-23 20:09:36.225334,2026-09-24 04:50:59.463890,08:41:23,2026-09-23 20:25:34.083596,2026-09-24 05:04:40.448927,08:39:06,2026-09-23 20:52:28.879465,2026-09-24 05:03:53.655496,08:11:24,2026-09-23
2026-09-24 19:21:24.720221,2026-09-24 20:09:33.598811,2026-09-25 03:36:48.571681,07:27:14,2026-09-24 20:25:04.328262,2026-09-25 04:11:01.874875,07:45:57,2026-09-24 21:07:09.419107,2026-09-25 04:07:41.919310,07:00:32,2026-09-24
2026-09-02 21:13:54.024214,2026-09-02 21:24:49.505922,2026-09-03 03:00:11.545770,05:35:22,2026-09-02 22:24:47.461629,2026-09-03 21:18:34.054101,22:53:46,2026-09-03 00:02:31.449424,2026-09-03 05:41:38.196534,05:39:06,2026-09-02
2026-09-03 20:29:57.339563,2026-09-03 21:19:01.999035,2026-09-04 04:30:10.028417,07:11:08,2026-09-04 02:02:39.552350,2026-09-04 05:32:39.959597,03:30:00,2026-09-04 02:44:17.009234,2026-09-04 05:20:57.263705,02:36:40,2026-09-03
2026-09-25 18:45:21.711532,2026-09-25 20:08:09.227091,2026-09-26 02:45:57.366695,06:37:48,2026-09-25 20:18:57.402318,2026-09-26 02:53:45.874115,06:34:48,2026-09-25 20:28:10.603395,2026-09-26 02:53:38.675307,06:25:28,2026-09-25
2026-09-04 20:47:57.916581,2026-09-04 21:13:56.075810,2026-09-05 02:51:59.010361,05:38:02,2026-09-04 22:18:11.566378,2026-09-05 03:39:27.068275,05:21:15,2026-09-05 01:18:23.796043,2026-09-05 03:38:29.766977,02:20:05,2026-09-04
2026-09-07 19:19:50.665154,2026-09-07 20:17:24.399225,2026-09-08 02:37:01.937277,06:19:37,2026-09-07 20:57:38.749974,2026-09-08 02:59:05.688992,06:01:26,2026-09-07 21:52:53.771519,2026-09-08 02:54:13.481073,05:01:19,2026-09-07
2026-09-08 20:38:09.031548,2026-09-08 21:08:09.048695,2026-09-09 03:26:13.308618,06:18:04,2026-09-08 22:13:33.656542,2026-09-09 23:26:11.833149,01:12:38,2026-09-08 23:03:41.335277,2026-09-09 03:58:36.688986,04:54:55,2026-09-08
2026-09-28 18:50:01.362758,2026-09-28 20:13:24.442753,2026-09-29 03:36:08.857601,07:22:44,2026-09-28 20:20:57.579683,2026-09-29 04:25:30.335829,08:04:32,2026-09-28 20:49:18.067974,2026-09-29 04:24:30.236918,07:35:12,2026-09-28
2026-09-09 19:33:44.173573,2026-09-09 22:02:17.989982,2026-09-10 04:59:49.591373,06:57:31,2026-09-09 22:16:39.807980,2026-09-10 05:30:36.608922,07:13:56,2026-09-09 23:52:37.827438,2026-09-10 05:29:55.464759,05:37:17,2026-09-09
2026-09-10 20:21:02.965397,2026-09-10 20:42:03.426364,2026-09-11 03:10:53.943447,06:28:50,2026-09-10 22:16:12.810574,2026-09-11 03:47:33.343336,05:31:20,2026-09-10 23:14:19.482160,2026-09-11 03:46:08.250317,04:31:48,2026-09-10
2026-09-11 18:54:48.293603,2026-09-11 20:27:54.525405,2026-09-12 01:53:30.158887,05:25:35,2026-09-11 20:50:46.864757,2026-09-12 04:16:13.083190,07:25:26,2026-09-11 23:33:03.065044,2026-09-12 04:14:54.651740,04:41:51,2026-09-11
2026-09-29 19:41:39.711422,2026-09-29 20:11:22.259227,2026-09-30 00:20:48.505456,04:09:26,2026-09-29 20:20:11.589434,2026-09-30 01:08:28.444377,04:48:16,2026-09-29 20:52:51.306172,2026-09-30 01:00:09.642863,04:07:18,2026-09-29
2026-09-02 22:44:02.953750,2026-09-30 10:51:17.576277,2026-09-30 10:53:19.949894,00:02:02,2026-09-30 10:53:40.870195,2026-09-30 11:04:20.202815,00:10:39,2026-09-30 11:03:22.874719,2026-09-30 11:04:32.579264,00:01:09,2026-09-02
2026-09-30 18:23:08.585712,2026-09-30 18:53:19.834747,2026-10-01 05:37:25.420181,10:44:05,2026-09-30 19:48:55.790927,2026-10-01 05:39:00.245937,09:50:04,2026-09-30 21:17:09.014998,2026-10-01 05:38:53.681256,08:21:44,2026-09-30
2026-10-01 19:26:52.103788,2026-10-01 20:47:07.688864,2026-10-02 03:39:27.779376,06:52:20,2026-10-01 20:53:24.817129,2026-10-02 04:33:12.630673,07:39:47,2026-10-01 21:33:55.067678,2026-10-02 04:24:05.465864,06:50:10,2026-10-01
