DATA_ENTREGA,UNIDADE,TRANSPORTE,CODIGO_CARGA,LISTA,PRODUTO,TIPO_ERRO,QUANTIDADE,INFORMANTE,OFENSOR,TPO_PALLET,PERFIL_OFENSOR
2026-09-03,MATRIZ,000-7380301,7380301,KKJ5250D2,COCA COLA MAINLINE PET 200ML,FALTA,40,Geci De Paula,Geraldo Teixeira Baia Junior,MISTO,Montador
2026-09-03,MATRIZ,000-7380301,7380301,KKJ5250D2,COCA COLA PET 600ML,SOBRA,28,Geci De Paula,Geraldo Teixeira Baia Junior,MISTO,Montador
2026-09-03,MATRIZ,000-7380301,7380301,KKJ5250D2,CC SEM ACUCAR PET 600ML 6UN,SOBRA,4,Geci De Paula,Geraldo Teixeira Baia Junior,MISTO,Montador
2026-09-03,MATRIZ,000-7380301,7380301,KKJ5250D2,SPRITE ZERO PET 200ML 12U FI MAINLINE,FALTA,1,Geci De Paula,Geraldo Teixeira Baia Junior,MISTO,Montador
2026-09-03,MATRIZ,000-7120301,7120301,DJB5C58E3,COCA COLA MINI LATA 220ML,INVERSAO,28,Geci De Paula,Geraldo Teixeira Baia Junior,MISTO,Montador
2026-09-04,MATRIZ,000-7240401,7240401,TCB7I34E5,COCA COLA PET 1L,INVERSAO,11,Geci De Paula,Gianmiller Moraes,MISTO,Montador
2026-09-04,MATRIZ,000-7250401,7250401,TCL0I17E5,SOL PREMIUM L.NECK 2X6 - 330ML,FALTA,1,Geci De Paula,Pedro Lucas Procópio dos Santos,MISTO,Montador
2026-09-04,MATRIZ,000-7130401,7130401,JXS4C69D1,COCA COLA RETORNAVEL 2L,SOBRA,10,Geci De Paula,Geraldo Teixeira Baia Junior,MISTO,Montador
2026-09-04,MATRIZ,000-7130401,7130401,JXS4C69D1,COCA COLA LS ULTRA 1L,FALTA,10,Geci De Paula,Geraldo Teixeira Baia Junior,MISTO,Montador
2026-09-04,MATRIZ,000-7130401,7130401,JXS4C69D3,"SCHWEPPES CITRUS PET 1,5L",SOBRA,1,Geci De Paula,Pedro Lucas Procópio dos Santos,MISTO,Montador
2026-09-04,MATRIZ,000-7130401,7130401,JXS4C69D3,"SCHW CITRUS SA PET 1,5L 6U FL",FALTA,1,Geci De Paula,Pedro Lucas Procópio dos Santos,MISTO,Montador
2026-09-04,MATRIZ,000-7130401,7130401,JXS4C69D3,DV MAIS NEC PESSEGO SA TP 1L,SOBRA,1,Geci De Paula,Pedro Lucas Procópio dos Santos,MISTO,Montador
2026-09-05,MATRIZ,000-7410501,7410501,OWQ4406E2,FANTA UVA MINI LATA 220ML,INVERSAO,3,Geci De Paula,Pedro Lucas Procópio dos Santos,MISTO,Montador
2026-09-05,MATRIZ,000-7190501,7190501,KZX0905D2,DV FRUT UVA PET 450ML,FALTA,1,Geci De Paula,Gianmiller Moraes,MISTO,Montador
2026-09-05,MATRIZ,000-7150501,7150501,MQU8E71E3,FANTA LARANJA MAINL PET 200ML,INVERSAO,1,Geci De Paula,Gianmiller Moraes,MISTO,Montador
2026-09-05,MATRIZ,000-7150501,7150501,MQU8E71E3,SPRITE PET 200ML 12U FI MAIN,INVERSAO,1,Geci De Paula,Gianmiller Moraes,MISTO,Montador
2026-09-05,MATRIZ,000-7180501,7180501,RFP8G80E2,DV FRUT UVA PET 1L,FALTA,2,Geci De Paula,Gianmiller Moraes,MISTO,Montador
2026-09-08,MATRIZ,000-7410801,7410801,OWQ4406D2,COCA COLA PET 2L,SOBRA,2,Geci De Paula,Natan Silva Medeiros Júnior,MISTO,Montador
2026-09-08,MATRIZ,000-7410801,7410801,OWQ4406D2,COCA COLA PET 1L,FALTA,2,Geci De Paula,Natan Silva Medeiros Júnior,MISTO,Montador
2026-09-08,MATRIZ,000-7240801,7240801,TCB7I34E4,FANTA UVA MINI LATA 220ML,INVERSAO,7,Geci De Paula,Gianmiller Moraes,MISTO,Montador
2026-09-08,MATRIZ,000-7240801,7240801,TCB7I34E4,FANTA LARANJA MINI LATA 220ML,INVERSAO,5,Geci De Paula,Gianmiller Moraes,MISTO,Montador
2026-09-08,MATRIZ,000-7190801,7190801,KZX0905E4,THZ GOLD LAGER LN 2X6 - 355ML,FALTA,1,Geci De Paula,Marcos Vinicio Alves Pessoa,MISTO,Montador
2026-09-08,MATRIZ,000-7190801,7190801,KZX0905E4,CC SEM ACUCAR PET 1L 6U FL,FALTA,19,Geci De Paula,Marcos Vinicio Alves Pessoa,MISTO,Montador
2026-09-08,MATRIZ,000-7380801,7380801,KKJ5250E2,SPRITE ZERO PET 200ML 12U FI MAINLINE,SOBRA,1,Geci De Paula,Felipe Rogerio Estevam Da Silva ,MISTO,Montador
2026-09-08,MATRIZ,000-7120801,7120801,DJB5C58D2,FANTA LARANJA MINI LATA 220ML,SOBRA,1,Geci De Paula,Felipe Rogerio Estevam Da Silva ,MISTO,Montador
2026-09-08,MATRIZ,000-7380801,7380801,KKJ5250E3,CC SEM ACUCAR PET 1L 6U FL,FALTA,4,Geci De Paula,Natan Silva Medeiros Júnior,MISTO,Montador
2026-09-08,MATRIZ,000-7380801,7380801,KKJ5250E3,"COCA COLA PET 1,5L",SOBRA,10,Geci De Paula,Natan Silva Medeiros Júnior,MISTO,Montador
2026-09-08,MATRIZ,000-7380801,7380801,KKJ5250E3,"COCA COLA SA PET 1,5L",FALTA,10,Geci De Paula,Natan Silva Medeiros Júnior,MISTO,Montador
2026-09-08,MATRIZ,000-7370801,7370801,KKJ5170D2,SPRITE LEMON FRESH 510ML 6U,SOBRA,2,Geci De Paula,Felipe Rogerio Estevam Da Silva ,MISTO,Montador
2026-09-08,MATRIZ,000-7130801,7130801,JXS4C69D2,"DV FRUT UVA PET 1,5L",FALTA,2,Geci De Paula,Leonardo Caetano Rodrigues,MISTO,Montador
2026-09-08,MATRIZ,000-7130801,7130801,JXS4C69E3,DV KAPO MORANGO TP 200ML,FALTA,1,Geci De Paula,Denilton Batista Dos Santos,MISTO,Montador
2026-09-08,MATRIZ,000-7130801,7130801,JXS4C69D1,CC SEM ACUCAR LATA 350ML 12UN,SOBRA,22,Geci De Paula,Leonardo Caetano Rodrigues,MISTO,Montador
2026-09-09,MATRIZ,000-7240901,7240901,TCB7I34E2,MONSTER ENERGY LATA 473ML,FALTA,5,Geci De Paula,Marcos Vinicio Alves Pessoa,MISTO,Montador
2026-09-09,MATRIZ,000-7290901,7290901,OWV5H27D2,SPRITE LATA 350ML,SOBRA,4,Geci De Paula,Gianmiller Moraes,MISTO,Montador
2026-09-09,MATRIZ,000-7290901,7290901,OWV5H27D6,CC SEM ACUCAR PET 2L 8UN,INVERSAO,14,Geci De Paula,Natan Silva Medeiros Júnior,MISTO,Montador
2026-09-09,MATRIZ,000-7120901,7120901,DJB5C58E3,COCA COLA LS ULTRA 1L,SOBRA,1,Geci De Paula,Gianmiller Moraes,MISTO,Montador
2026-09-09,MATRIZ,000-7130901,7130901,JXS4C69D2,FANTA UVA PET 600ML,SOBRA,1,Geci De Paula,Natan Silva Medeiros Júnior,MISTO,Montador
2026-09-09,MATRIZ,000-7140901,7140901,HAI2518D2,DV FRUT UVA PET 450ML,SOBRA,1,Geci De Paula,Gianmiller Moraes,MISTO,Montador
2026-09-09,MATRIZ,000-7140901,7140901,HAI2518D2,POWERADE UVA PET 500ML,FALTA,1,Geci De Paula,Gianmiller Moraes,MISTO,Montador
2026-09-09,MATRIZ,000-7150901,7150901,MQU8E71E1,COCA COLA PET 600ML,FALTA,40,Geci De Paula,Natan Silva Medeiros Júnior,MISTO,Montador
2026-09-09,MATRIZ,000-7150901,7150901,MQU8E71E1,CRYSTAL PET 500ML C/G,FALTA,2,Geci De Paula,Natan Silva Medeiros Júnior,MISTO,Montador
2026-09-09,MATRIZ,000-7180901,7180901,RFP8G80D3,COCA COLA LATA 350ML 12UN,FALTA,6,Geci De Paula,Felipe Rogerio Estevam Da Silva ,MISTO,Montador
2026-09-09,MATRIZ,000-7190901,7190901,KZX0905D3,THZ SEM GLUTEN LT 473ML CARTONADO 2X6,INVERSAO,1,Geci De Paula,Pedro Lucas Procópio dos Santos,MISTO,Montador
2026-09-10,MATRIZ,000-7121001,7121001,DJB5C58E3,CC SEM ACUCAR PET 600ML 6UN,FALTA,5,Geci De Paula,Wallace Christian Gomes Esteves   ,MISTO,Conferente
2026-09-10,MATRIZ,000-7121001,7121001,DJB5C58D1,THEREZOPOLIS GOLD LAGER 600ML,INVERSAO,2,Geci De Paula,Pedro Lucas Procópio dos Santos,MISTO,Montador
2026-09-10,MATRIZ,000-7131001,7131001,JXS4C69D2,"SOL PREMIUM 0,0% LN 2X6 -330ML",INVERSAO,1,Geci De Paula,Gianmiller Moraes,MISTO,Montador
2026-09-10,MATRIZ,000-7141001,7141001,HAI2518E1,"CRYSTAL PET 1,5L C/G",INVERSAO,6,Geci De Paula,Gianmiller Moraes,MISTO,Montador
2026-09-10,MATRIZ,000-7151001,7151001,MQU8E71D1,MONSTER WATERMELON LT 473ML 06,SOBRA,1,Geci De Paula,Denilton Batista Dos Santos,MISTO,Montador
2026-09-10,MATRIZ,000-7131001,7131001,JXS4C69D1,COCA COLA RETORNAVEL 2L,SOBRA,1,Geci De Paula,Pedro Lucas Procópio dos Santos,MISTO,Montador
2026-09-10,MATRIZ,000-7151001,7151001,MQU8E71D3,FANTA GUARANA LATA 350ML,FALTA,1,Geci De Paula,Marcos Vinicio Alves Pessoa,MISTO,Montador
2026-09-10,MATRIZ,000-7151001,7151001,MQU8E71E3,"CRYSTAL PET 1,5L S/G",FALTA,1,Geci De Paula,Felipe Rogerio Estevam Da Silva ,MISTO,Montador
2026-09-10,MATRIZ,000-7191001,7191001,KZX0905D3,COCA COLA PET 2L,SOBRA,5,Geci De Paula,Gianmiller Moraes,MISTO,Montador
2026-09-10,MATRIZ,000-7191001,7191001,KZX0905D3,COCA COLA PET 1L,FALTA,5,Geci De Paula,Gianmiller Moraes,MISTO,Montador
2026-09-10,MATRIZ,000-7181001,7181001,RFP8G80D3,FANTA LARANJA LATA 350ML 12UN,FALTA,1,Geci De Paula,Denilton Batista Dos Santos,MISTO,Montador
2026-09-10,MATRIZ,000-7381001,7381001,KKJ5250E2,THZ SEM GLUTEN LT 473ML CARTONADO 2X6,INVERSAO,1,Geci De Paula,Pedro Lucas Procópio dos Santos,MISTO,Montador
2026-09-10,MATRIZ,000-7381001,7381001,KKJ5250E1,DV FRUT UVA PET 1L,FALTA,2,Geci De Paula,Leonardo Caetano Rodrigues,MISTO,Montador
2026-09-10,MATRIZ,000-7381001,7381001,KKJ5250D2,FANTA GUARANA PET 2L,INVERSAO,1,Geci De Paula,Gianmiller Moraes,MISTO,Montador
2026-09-11,MATRIZ,000-7231101,7231101,TCB7H85D2,COCA COLA RETORNAVEL 2L,AVARIA,1,Geci De Paula,Denilton Batista Dos Santos,MISTO,Montador
2026-09-11,MATRIZ,000-7231101,7231101,TCB7H85D2,CC SEM ACUCAR RETORNAVEL 2L,FALTA,3,Geci De Paula,Denilton Batista Dos Santos,MISTO,Montador
2026-09-11,MATRIZ,000-7231101,7231101,TCB7H85D2,COCA COLA KS 290ML,FALTA,3,Geci De Paula,Denilton Batista Dos Santos,MISTO,Montador
2026-09-11,MATRIZ,000-7231101,7231101,TCB7H85D2,COCA COLA LS ULTRA 1L,FALTA,2,Geci De Paula,Denilton Batista Dos Santos,MISTO,Montador
2026-09-11,MATRIZ,000-7271101,7271101,TCX9E62E2,CC SEM ACUCAR PET 600ML 6UN,SOBRA,1,Geci De Paula,Pedro Lucas Procópio dos Santos,MISTO,Montador
2026-09-11,MATRIZ,000-7181101,7181101,RFP8G80E3,COCA COLA LATA 350ML 12UN,INVERSAO,2,João Victor Silva Leal,Felipe Rogerio Estevam Da Silva ,MISTO,Montador
2026-09-11,MATRIZ,000-7181101,7181101,RFP8G80E3,CC SEM ACUCAR LATA 350ML 12UN,INVERSAO,2,João Victor Silva Leal,Felipe Rogerio Estevam Da Silva ,MISTO,Montador
2026-09-11,MATRIZ,000-7251101,7251101,TCL0I17D2,CRYSTAL PET 500ML C/G,FALTA,24,João Victor Silva Leal,Wanderson Felipe De Almeida Santos,MISTO,Conferente
2026-09-11,MATRIZ,000-7251101,7251101,TCL0I17D2,CRYSTAL PET 500ML S/G,SOBRA,2,João Victor Silva Leal,Wanderson Felipe De Almeida Santos,MISTO,Conferente
2026-09-11,MATRIZ,000-7241101,7241101,TCB7I34E2,EISENBAHN 600ML 24U PILSEN,INVERSAO,1,João Victor Silva Leal,Gianmiller Moraes,MISTO,Montador
2026-09-11,MATRIZ,000-7411101,7411101,OWQ4406E1,DV FRUT LARANJA PET 1L,FALTA,1,Geci De Paula,Denilton Batista Dos Santos,MISTO,Montador
2026-09-11,MATRIZ,000-7131101,7131101,JXS4C69D3,COCA COLA MAINLINE PET 200ML,FALTA,1,Geci De Paula,Natan Silva Medeiros Júnior,MISTO,Montador
2026-09-11,MATRIZ,000-7141101,7141101,HAI2518E3,DV 100% UVA TP 1L,INVERSAO,1,João Victor Silva Leal,Wallace Christian Gomes Esteves   ,MISTO,Conferente
2026-09-11,MATRIZ,000-7381101,7381101,KKJ5250E3,COCA COLA RETORNAVEL 2L,SOBRA,6,João Victor Silva Leal,Wanderson Felipe De Almeida Santos,MISTO,Conferente
2026-09-11,MATRIZ,000-7191101,7191101,KZX0905E4,MONSTER ENERGY LATA 473ML,FALTA,1,João Victor Silva Leal,Leonardo Caetano Rodrigues,MISTO,Montador
2026-09-11,MATRIZ,000-7191101,7191101,KZX0905E4,MONSTER ULTRA LATA 473ML,SOBRA,1,João Victor Silva Leal,Leonardo Caetano Rodrigues,MISTO,Montador
2026-09-11,MATRIZ,000-7251101,7251101,TCL0I17D3,DV FRUT LARANJA PET 1.5L 6P CP,SOBRA,4,João Victor Silva Leal,Natan Silva Medeiros Júnior,MISTO,Montador
2026-09-11,MATRIZ,000-7251101,7251101,TCL0I17D3,COCA COLA PET 1L,FALTA,2,João Victor Silva Leal,Natan Silva Medeiros Júnior,MISTO,Montador
2026-09-14,MATRIZ,000-7321401,7321401,QXO9C83D6,COCA COLA PET 1L,FALTA,2,Geci De Paula,Felipe Rogerio Estevam Da Silva ,MISTO,Montador
2026-09-14,MATRIZ,000-7321401,7321401,QXO9C83D6,DV FRUT UVA PET 450ML,SOBRA,2,Geci De Paula,Felipe Rogerio Estevam Da Silva ,MISTO,Montador
2026-09-14,MATRIZ,000-7321401,7321401,QXO9C83E3,KUAT MINI LATA 220ML,FALTA,1,Geci De Paula,Leonardo Caetano Rodrigues,MISTO,Montador
2026-09-14,MATRIZ,000-7321401,7321401,QXO9C83E6,"CRYSTAL PET 1,5L S/G",SOBRA,3,Geci De Paula,Natan Silva Medeiros Júnior,MISTO,Montador
2026-09-14,MATRIZ,000-7171401,7171401,HOB4C81D1,CRYSTAL PET 500ML C/G,FALTA,2,Geci De Paula,Adilson José Gonçalves,MISTO,Montador
2026-09-14,MATRIZ,000-7231401,7231401,TCB7H85E2,CRYSTAL PET 500ML C/G,FALTA,2,Geci De Paula,Gianmiller Moraes,MISTO,Montador
2026-09-14,MATRIZ,000-7231401,7231401,TCB7H85E2,FANTA UVA PET 600ML,SOBRA,3,Geci De Paula,Gianmiller Moraes,MISTO,Montador
2026-09-14,MATRIZ,000-7341401,7341401,TYE8D59D2,DV MANGA LATA 290ML,SOBRA,1,Geci De Paula,Denilton Batista Dos Santos,MISTO,Montador
2026-09-14,MATRIZ,000-7371401,7371401,KKJ5170E3,COCA COLA RETORNAVEL 2L,SOBRA,40,Geci De Paula,Natan Silva Medeiros Júnior,MISTO,Montador
2026-09-14,MATRIZ,000-7341401,7341401,TYE8D59E3,MONSTER ULTRA LATA 473ML,FALTA,1,Geci De Paula,Gianmiller Moraes,MISTO,Montador
2026-09-14,MATRIZ,000-7371401,7371401,KKJ5170D3,MONSTER MANGO LOCO LATA 473ML,SOBRA,1,Geci De Paula,Pedro Lucas Procópio dos Santos,MISTO,Montador
2026-09-14,MATRIZ,000-7371401,7371401,KKJ5170D3,MONSTER U PEACHY KEEN LT473,SOBRA,2,Geci De Paula,Pedro Lucas Procópio dos Santos,MISTO,Montador
2026-09-14,MATRIZ,000-7371401,7371401,KKJ5170D3,MONSTER PIPELINE PUNCH LT 473ML 6U FL CP,FALTA,2,Geci De Paula,Pedro Lucas Procópio dos Santos,MISTO,Montador
2026-09-14,MATRIZ,000-7371401,7371401,KKJ5170E1,COCA COLA PET 2L,SOBRA,1,Geci De Paula,Marcos Vinicio Alves Pessoa,MISTO,Montador
2026-09-14,MATRIZ,000-7371401,7371401,KKJ5170E1,"COCA COLA PET 1,5L",FALTA,1,Geci De Paula,Marcos Vinicio Alves Pessoa,MISTO,Montador
2026-09-14,MATRIZ,000-7411401,7411401,OWQ4406E1,FANTA MARACUJA LT ALUM 350ML 6 FL,FALTA,2,Geci De Paula,Denilton Batista Dos Santos,MISTO,Montador
2026-09-14,MATRIZ,000-7261401,7261401,TCL0I22D5,"DV FRUT UVA PET 1,5L",SOBRA,5,Geci De Paula,Leonardo Caetano Rodrigues,MISTO,Montador
2026-09-14,MATRIZ,000-7261401,7261401,TCL0I22D5,DV FRUT LARANJA PET 1.5L 6P CP,INVERSAO,1,Geci De Paula,Leonardo Caetano Rodrigues,MISTO,Montador
2026-09-14,MATRIZ,000-7121401,7121401,DJB5C58E3,REIGN LEMON HDZ,SOBRA,2,Geci De Paula,Adilson José Gonçalves,MISTO,Montador
2026-09-14,MATRIZ,000-7121401,7121401,DJB5C58D3,CC SEM ACUCAR PET 2L 8UN,SOBRA,1,Geci De Paula,Denilton Batista Dos Santos,MISTO,Montador
2026-09-14,MATRIZ,000-7121401,7121401,DJB5C58D3,COCA COLA RETORNAVEL 2L,SOBRA,1,Geci De Paula,Denilton Batista Dos Santos,MISTO,Montador
2026-09-14,MATRIZ,000-7151401,7151401,MQU8E71E3,DV MAIS UVA TP 1L,INVERSAO,1,Leonardo Miguel,Adilson José Gonçalves,MISTO,Montador
2026-09-14,MATRIZ,000-7181401,7181401,RFP8G80E2,COCA COLA PET 1L,FALTA,6,Leonardo Miguel,Natan Silva Medeiros Júnior,MISTO,Montador
2026-09-14,MATRIZ,000-7181401,7181401,RFP8G80E2,COCA COLA PET 2L,SOBRA,6,Leonardo Miguel,Natan Silva Medeiros Júnior,MISTO,Montador
2026-09-14,MATRIZ,000-7381401,7381401,KKJ5250E2,"COCA COLA SA PET 1,5L",SOBRA,1,Leonardo Miguel,Gianmiller Moraes,MISTO,Montador
2026-09-14,MATRIZ,000-7381401,7381401,KKJ5250E2,CC SEM ACUCAR PET 1L 6U FL,SOBRA,1,Leonardo Miguel,Gianmiller Moraes,MISTO,Montador
2026-09-15,MATRIZ,000-7251501,7251501,TCL0I17D3,COCA COLA PET 600ML,SOBRA,20,Geci De Paula,Natan Silva Medeiros Júnior,MISTO,Montador
2026-09-15,MATRIZ,000-7251501,7251501,TCL0I17D3,FANTA UVA PET 600ML,SOBRA,20,Geci De Paula,Natan Silva Medeiros Júnior,MISTO,Montador
2026-09-16,MATRIZ,000-7121601,7121601,DJB5C58E2,EISENBAHN LT 473ML 12U PILSEN,FALTA,1,Geci De Paula,Adilson José Gonçalves,MISTO,Montador
2026-09-16,MATRIZ,000-7241601,7241601,TCB7I34D5,DV MAIS UVA TP 1L,FALTA,2,Geci De Paula,Denilton Batista Dos Santos,MISTO,Montador
2026-09-16,MATRIZ,000-7161601,7161601,MQL5679E3,MATTE LEO LIMO CG LT290ML FI 6P CP,FALTA,2,Geci De Paula,Gianmiller Moraes,MISTO,Montador
2026-09-16,MATRIZ,000-7141601,7141601,HAI2518D2,"COCA COLA SA PET 1,5L",FALTA,5,Geci De Paula,Pedro Lucas Procópio dos Santos,MISTO,Montador
2026-09-16,MATRIZ,000-7141601,7141601,HAI2518D2,CC SEM ACUCAR PET 1L 6U FL,SOBRA,5,Geci De Paula,Pedro Lucas Procópio dos Santos,MISTO,Montador
2026-09-16,MATRIZ,000-7191601,7191601,KZX0905D2,COCA COLA RETORNAVEL 2L,SOBRA,48,Geci De Paula,Natan Silva Medeiros Júnior,MISTO,Montador
2026-09-16,MATRIZ,000-7181601,7181601,RFP8G80D2,CC+SPRITE LMPM 2L 4X2L,SOBRA,5,Geci De Paula,Gianmiller Moraes,MISTO,Montador
2026-09-16,MATRIZ,000-7161601,7161601,MQL5679E2,SPRITE LEMON FRESH 510ML 6U,SOBRA,5,Geci De Paula,Denilton Batista Dos Santos,MISTO,Montador
2026-09-16,MATRIZ,000-7161601,7161601,MQL5679E2,SPRITE LEMON FRESH 510ML 6U,SOBRA,25,Geci De Paula,Denilton Batista Dos Santos,MISTO,Montador
2026-09-16,MATRIZ,000-7381601,7381601,KKJ5250E2,CC SEM ACUCAR PET 600ML 6UN,SOBRA,9,Geci De Paula,Denilton Batista Dos Santos,MISTO,Montador
2026-09-16,MATRIZ,000-7381601,7381601,KKJ5250E2,COCA COLA PET 600ML,INVERSAO,9,Geci De Paula,Denilton Batista Dos Santos,MISTO,Montador
2026-09-17,MATRIZ,000-7161701,7161701,MQL5679E2,SPRITE BAG 5L,FALTA,1,Geci De Paula,Adilson José Gonçalves,MISTO,Montador
2026-09-17,MATRIZ,000-7161701,7161701,MQL5679D2,COCA COLA RETORNAVEL 2L,SOBRA,2,Geci De Paula,Natan Silva Medeiros Júnior,MISTO,Montador
2026-09-17,MATRIZ,000-7161701,7161701,MQL5679D2,COCA COLA RETORNAVEL 2L,FALTA,2,Geci De Paula,Natan Silva Medeiros Júnior,MISTO,Montador
2026-09-17,MATRIZ,000-7411701,7411701,OWQ4406D3,FANTA UVA MINI LATA 220ML,FALTA,2,Geci De Paula,Felipe Rogerio Estevam Da Silva ,MISTO,Montador
2026-09-17,MATRIZ,000-7411701,7411701,OWQ4406D3,DEL VALLE LIMONADA CLASSIC LT 290ML 6 CP,FALTA,1,Geci De Paula,Felipe Rogerio Estevam Da Silva ,MISTO,Montador
2026-09-17,MATRIZ,000-7121701,7121701,DJB5C58D3,COCA COLA KS 290ML,SOBRA,1,Geci De Paula,Denilton Batista Dos Santos,MISTO,Montador
2026-09-17,MATRIZ,000-7121701,7121701,DJB5C58D3,COCA COLA KS 290ML,FALTA,1,Geci De Paula,Denilton Batista Dos Santos,MISTO,Montador
2026-09-17,MATRIZ,000-7381701,7381701,KKJ5250E2,COCA COLA ZERO KS 290ML,FALTA,1,Geci De Paula,Denilton Batista Dos Santos,MISTO,Montador
2026-09-17,MATRIZ,000-7151701,7151701,MQU8E71D2,KUAT LATA 350ML,FALTA,2,Geci De Paula,Leonardo Caetano Rodrigues,MISTO,Montador
2026-09-18,MATRIZ,000-7241801,7241801,TCB7I34D5,MONSTER ULTRA LATA 473ML,FALTA,1,Geci De Paula,Natan Silva Medeiros Júnior,MISTO,Montador
2026-09-18,MATRIZ,000-7241801,7241801,TCB7I34E5,FANTA UVA PET 2L,INVERSAO,5,Geci De Paula,Leonardo Caetano Rodrigues,MISTO,Montador
2026-09-18,MATRIZ,000-7411801,7411801,OWQ4406E1,KUAT PET 600ML,FALTA,4,Geci De Paula,Natan Silva Medeiros Júnior,MISTO,Montador
2026-09-18,MATRIZ,000-7411801,7411801,OWQ4406D3,DV MANGA LATA 290ML,FALTA,3,Geci De Paula,Adilson José Gonçalves,MISTO,Montador
2026-09-18,MATRIZ,000-7131801,7131801,JXS4C69D3,DV FRUT LARANJA PET 1.5L 6P CP,SOBRA,2,Geci De Paula,Natan Silva Medeiros Júnior,MISTO,Montador
2026-09-18,MATRIZ,000-7131801,7131801,JXS4C69D3,DV FRUT FRUTAS CITRICAS PET 1.5L 6P CP,FALTA,2,Geci De Paula,Natan Silva Medeiros Júnior,MISTO,Montador
2026-09-18,MATRIZ,000-7121801,7121801,DJB5C58E3,FANTA LARANJA PET 2L,FALTA,5,Geci De Paula,Natan Silva Medeiros Júnior,MISTO,Montador
2026-09-18,MATRIZ,000-7121801,7121801,DJB5C58E3,CC SEM ACUCAR PET 2L 8UN,FALTA,15,Geci De Paula,Natan Silva Medeiros Júnior,MISTO,Montador
2026-09-18,MATRIZ,000-7121801,7121801,DJB5C58E3,CC SEM ACUCAR PET 2L 8UN,SOBRA,5,Geci De Paula,Natan Silva Medeiros Júnior,MISTO,Montador
2026-09-18,MATRIZ,000-7181801,7181801,RFP8G80E3,SPRITE LATA 350ML,FALTA,2,Geci De Paula,Leonardo Caetano Rodrigues,MISTO,Montador
2026-09-18,MATRIZ,000-7191801,7191801,KZX0905D4,SPRITE LATA 350ML,INVERSAO,2,Geci De Paula,Leonardo Caetano Rodrigues,MISTO,Montador
2026-09-18,MATRIZ,000-7181801,7181801,RFP8G80E2,CRYSTAL PET 500ML C/G,SOBRA,2,Geci De Paula,Denilton Batista Dos Santos,MISTO,Montador
2026-09-18,MATRIZ,000-7181801,7181801,RFP8G80E2,POWERADE UVA PET 500ML,FALTA,1,Geci De Paula,Denilton Batista Dos Santos,MISTO,Montador
2026-09-18,MATRIZ,000-7381801,7381801,KKJ5250E1,CC SEM ACUCAR PET 2L 8UN,FALTA,1,Geci De Paula,Pedro Lucas Procópio dos Santos,MISTO,Montador
2026-09-21,MATRIZ,000-7212101,7212101,JJB9B08E5,THZ GOLD LAGER LN 2X6 - 355ML,INVERSAO,2,Geci De Paula,Gianmiller Moraes,MISTO,Montador
2026-09-21,MATRIZ,000-7212101,7212101,JJB9B08D2,CRY SPARKING LIMAO,FALTA,4,Geci De Paula,Adilson José Gonçalves,MISTO,Montador
2026-09-21,MATRIZ,000-7212101,7212101,JJB9B08D2,SPRITE LEMON FRESH 510ML 6U,SOBRA,5,Geci De Paula,Adilson José Gonçalves,MISTO,Montador
2026-09-21,MATRIZ,000-7212101,7212101,JJB9B08D2,CRY SPARKLING MELANCIA PET 510 6U FL,FALTA,1,Geci De Paula,Adilson José Gonçalves,MISTO,Montador
2026-09-21,MATRIZ,000-7302101,7302101,OWV8A20D3,DV FRUT LARANJA PET 450ML,FALTA,1,Geci De Paula,Gianmiller Moraes,MISTO,Montador
2026-09-21,MATRIZ,000-7242101,7242101,TCB7I34D4,FANTA UVA MINI LATA 220ML,FALTA,2,Geci De Paula,Leonardo Caetano Rodrigues,MISTO,Montador
2026-09-21,MATRIZ,000-7212101,7212101,JJB9B08D3,COCA COLA MINI LATA 220ML,SOBRA,1,Geci De Paula,Denilton Batista Dos Santos,MISTO,Montador
2026-09-21,MATRIZ,000-7212101,7212101,JJB9B08D3,FANTA LARANJA LATA 350ML 12UN,SOBRA,2,Geci De Paula,Denilton Batista Dos Santos,MISTO,Montador
2026-09-21,MATRIZ,000-7212101,7212101,JJB9B08D3,FANTA MARACUJA LT ALUM 350ML 6 FL,INVERSAO,4,Geci De Paula,Denilton Batista Dos Santos,MISTO,Montador
2026-09-21,MATRIZ,000-7292101,7292101,OWV5H27D4,EISENBAHN LONG NECK 355ML 12UN,FALTA,1,Geci De Paula,Leonardo Caetano Rodrigues,MISTO,Montador
2026-09-21,MATRIZ,000-7122101,7122101,DJB5C58E2,DV FRUT LARANJA PET 450ML,FALTA,1,Geci De Paula,Geraldo Teixeira Baia Junior,MISTO,Montador
2026-09-21,MATRIZ,000-7142101,7142101,HAI2518D3,COCA COLA RETORNAVEL 2L,FALTA,4,Geci De Paula,Pedro Lucas Procópio dos Santos,MISTO,Montador
2026-09-21,MATRIZ,000-7152101,7152101,MQU8E71E1,CC SEM ACUCAR LATA 350ML 12UN,FALTA,1,Geci De Paula,Adilson José Gonçalves,MISTO,Montador
2026-09-21,MATRIZ,000-7152101,7152101,MQU8E71E2,KUAT PET 2L,SOBRA,2,Geci De Paula,Natan Silva Medeiros Júnior,MISTO,Montador
2026-09-21,MATRIZ,000-7152101,7152101,MQU8E71E2,FANTA GUARANA PET 2L,SOBRA,49,Geci De Paula,Natan Silva Medeiros Júnior,MISTO,Montador
2026-09-21,MATRIZ,000-7152101,7152101,MQU8E71E2,SPRITE SA PET 2L,SOBRA,28,Geci De Paula,Natan Silva Medeiros Júnior,MISTO,Montador
2026-09-21,MATRIZ,000-7152101,7152101,MQU8E71E2,GUARAPAN PET 2L,SOBRA,7,Geci De Paula,Natan Silva Medeiros Júnior,MISTO,Montador
2026-09-21,MATRIZ,000-7152101,7152101,MQU8E71E2,FANTA UVA PET 2L,SOBRA,7,Geci De Paula,Natan Silva Medeiros Júnior,MISTO,Montador
2026-09-21,MATRIZ,000-7152101,7152101,MQU8E71E2,KUAT PET 2L,FALTA,2,Geci De Paula,Natan Silva Medeiros Júnior,MISTO,Montador
2026-09-21,MATRIZ,000-7152101,7152101,MQU8E71E2,SPRITE PET 2L,SOBRA,22,Geci De Paula,Natan Silva Medeiros Júnior,MISTO,Montador
2026-09-21,MATRIZ,000-7192101,7192101,KZX0905E4,CC SEM ACUCAR MINI LATA 220ML,FALTA,3,Geci De Paula,Pedro Lucas Procópio dos Santos,MISTO,Montador
2026-09-21,MATRIZ,000-7372101,7372101,KKJ5170D3,DV PESSEGO LATA 290ML,FALTA,12,Geci De Paula,Pedro Lucas Procópio dos Santos,MISTO,Montador
2026-09-21,MATRIZ,000-7382101,7382101,KKJ5250E3,MONSTER ENERGY ZERO ACUCAR 473ML 06 CP,SOBRA,1,Geci De Paula,Denilton Batista Dos Santos,MISTO,Montador
2026-09-21,MATRIZ,000-7382101,7382101,KKJ5250D3,CC SEM ACUCAR MAINLI PET 200ML,SOBRA,1,Geci De Paula,Felipe Rogerio Estevam Da Silva ,MISTO,Montador
2026-09-22,MATRIZ,000-7162201,7162201,MQL5679E3,"COCA COLA SA PET 1,5L",FALTA,1,Geci De Paula,Freelancer 01,MISTO,Montador
2026-09-22,MATRIZ,000-7262201,7262201,TCL0I22E3,CRYSTAL PET 500ML C/G,FALTA,4,Geci De Paula,Freelancer 02,MISTO,Montador
2026-09-22,MATRIZ,000-7122201,7122201,DJB5C58E3,SPRITE MINI LATA 220ML,FALTA,2,Geci De Paula,Adilson José Gonçalves,MISTO,Montador
2026-09-22,MATRIZ,000-7122201,7122201,DJB5C58E3,FANTA MARACUJA LT ALUM 350ML 6 FL,FALTA,4,Geci De Paula,Adilson José Gonçalves,MISTO,Montador
2026-09-22,MATRIZ,000-7122201,7122201,DJB5C58E3,KUAT MINI LATA 220ML,FALTA,2,Geci De Paula,Adilson José Gonçalves,MISTO,Montador
2026-09-22,MATRIZ,000-7142201,7142201,HAI2518D3,KUAT LATA 350ML,SOBRA,1,Geci De Paula,Paulo Rozani Lopes Da Silva,MISTO,Montador
2026-09-22,MATRIZ,000-7142201,7142201,HAI2518D3,KUAT MINI LATA 220ML,FALTA,1,Geci De Paula,Paulo Rozani Lopes Da Silva,MISTO,Montador
2026-09-22,MATRIZ,000-7152201,7152201,MQU8E71E1,COCA COLA PET 2L,SOBRA,8,Geci De Paula,Denilton Batista Dos Santos,MISTO,Montador
2026-09-22,MATRIZ,000-7152201,7152201,MQU8E71E1,COCA COLA PET 1L,FALTA,8,Geci De Paula,Denilton Batista Dos Santos,MISTO,Montador
2026-09-22,MATRIZ,000-7182201,7182201,RFP8G80D2,COCA COLA PET 2L,FALTA,21,Geci De Paula,Natan Silva Medeiros Júnior,MISTO,Montador
2026-09-22,MATRIZ,000-7182201,7182201,RFP8G80D2,CC SEM ACUCAR PET 2L 8UN,FALTA,11,Geci De Paula,Natan Silva Medeiros Júnior,MISTO,Montador
2026-09-22,MATRIZ,000-7382201,7382201,KKJ5250D3,MONSTER ULTRA LATA 473ML,FALTA,2,Geci De Paula,Denilton Batista Dos Santos,MISTO,Montador
2026-09-23,MATRIZ,000-7412301,7412301,OWQ4406E2,FANTA MARACUJA LT ALUM 350ML 6 FL,INVERSAO,10,Geci De Paula,Freelancer 03,MISTO,Montador
2026-09-23,MATRIZ,000-7412301,7412301,OWQ4406E2,SCHWEPPES CITRUS LATA 350ML,FALTA,1,Geci De Paula,Freelancer 03,MISTO,Montador
2026-09-23,MATRIZ,000-7122301,7122301,DJB5C58E2,CRYSTAL PET 500ML S/G,FALTA,1,Geci De Paula,Marcos Vinicio Alves Pessoa,MISTO,Montador
2026-09-23,MATRIZ,000-7122301,7122301,DJB5C58E2,DV FRUT LARANJA PET 450ML,FALTA,4,Geci De Paula,Marcos Vinicio Alves Pessoa,MISTO,Montador
2026-09-23,MATRIZ,000-7122301,7122301,DJB5C58E2,KUAT PET 600ML,FALTA,1,Geci De Paula,Marcos Vinicio Alves Pessoa,MISTO,Montador
2026-09-23,MATRIZ,000-7122301,7122301,DJB5C58E2,POWERADE MOUNT BLAST ZERO PET500ML 6 CP,FALTA,2,Geci De Paula,Marcos Vinicio Alves Pessoa,MISTO,Montador
2026-09-23,MATRIZ,000-7372301,7372301,KKJ5170E3,COCA COLA PET 600ML,SOBRA,3,Geci De Paula,Pedro Lucas Procópio dos Santos,MISTO,Montador
2026-09-24,MATRIZ,000-7242401,7242401,TCB7I34E3,MONSTER ENERGY ZERO ACUCAR 473ML 06 CP,SOBRA,1,Geci De Paula,Felipe Rogerio Estevam Da Silva ,MISTO,Montador
2026-09-24,MATRIZ,000-7252401,7252401,TCL0I17E1,FANTA LARANJA PET 2L,SOBRA,1,Geci De Paula,Denilton Batista Dos Santos,MISTO,Montador
2026-09-24,MATRIZ,000-7292401,7292401,OWV5H27E5,DV KAPO UVA TP 200ML,FALTA,1,Geci De Paula,Denilton Batista Dos Santos,MISTO,Montador
2026-09-24,MATRIZ,000-7182401,7182401,RFP8G80D3,"DV FRUT LIMAO PET 1,5L 6P CP",INVERSAO,1,Geci De Paula,Geraldo Teixeira Baia Junior,MISTO,Montador
2026-09-24,MATRIZ,000-7292401,7292401,OWV5H27E3,CC SEM ACUCAR MINI LATA 220ML,FALTA,1,Geci De Paula,Freelancer 02,MISTO,Montador
2026-09-24,MATRIZ,000-7292401,7292401,OWV5H27E3,SPRITE LATA 350ML,SOBRA,15,Geci De Paula,Freelancer 02,MISTO,Montador
2026-09-24,MATRIZ,000-7182401,7182401,RFP8G80E1,CC SEM ACUCAR PET 2L 8UN,FALTA,1,Geci De Paula,Leonardo Caetano Rodrigues,MISTO,Montador
2026-09-24,MATRIZ,000-7182401,7182401,RFP8G80E1,FANTA LARANJA PET 2L,SOBRA,1,Geci De Paula,Leonardo Caetano Rodrigues,MISTO,Montador
2026-09-24,MATRIZ,000-7272401,7272401,TCX9E62D5,COCA COLA PET 2L,INVERSAO,8,Geci De Paula,Felipe Rogerio Estevam Da Silva ,MISTO,Montador
2026-09-24,MATRIZ,000-7272401,7272401,TCX9E62D5,COCA COLA PET 1L,INVERSAO,8,Geci De Paula,Felipe Rogerio Estevam Da Silva ,MISTO,Montador
2026-09-24,MATRIZ,000-7342401,7342401,TYE8D59E1,POWERADE FRUTAS TROPICAIS PET 500ML 06CP,FALTA,1,Geci De Paula,Adilson José Gonçalves,MISTO,Montador
2026-09-24,MATRIZ,000-7232401,7232401,TCB7H85D4,DV GOIABA SA LATA 290ML,SOBRA,1,Geci De Paula,Natan Silva Medeiros Júnior,MISTO,Montador
2026-09-24,MATRIZ,000-7232401,7232401,TCB7H85D3,MONSTER ENERGY LATA 473ML,FALTA,25,Geci De Paula,Gianmiller Moraes,MISTO,Montador
2026-09-24,MATRIZ,000-7232401,7232401,TCB7H85D3,MONSTER ENERGY ZERO ACUCAR 473ML 06 CP,FALTA,15,Geci De Paula,Gianmiller Moraes,MISTO,Montador
2026-09-24,MATRIZ,000-7382401,7382401,KKJ5250E2,DV KAPO MORANGO TP 200ML,FALTA,5,Leonardo Miguel,Leonardo Caetano Rodrigues,MISTO,Montador
2026-09-24,MATRIZ,000-7382401,7382401,KKJ5250E2,DV KAPO UVA TP 200ML,SOBRA,5,Leonardo Miguel,Leonardo Caetano Rodrigues,MISTO,Montador
2026-09-24,MATRIZ,000-7382401,7382401,KKJ5250E1,CRY SPARKING TANG CAPLIM,FALTA,1,Leonardo Miguel,Natan Silva Medeiros Júnior,MISTO,Montador
2026-09-24,MATRIZ,000-7382401,7382401,KKJ5250E1,CRY SPARKING FRUTAS VERNELHAS,SOBRA,1,Leonardo Miguel,Natan Silva Medeiros Júnior,MISTO,Montador
2026-09-24,MATRIZ,000-7382401,7382401,KKJ5250E1,SPRITE PET 200ML 12U FI MAIN,FALTA,3,Leonardo Miguel,Natan Silva Medeiros Júnior,MISTO,Montador
2026-09-25,MATRIZ,000-7412501,7412501,OWQ4406E3,COCA COLA PET 1L,FALTA,1,João Victor Silva Leal,Denilton Batista Dos Santos,MISTO,Montador
2026-09-25,MATRIZ,000-7412501,7412501,OWQ4406D3,MONSTER ENERGY ZERO ACUCAR 473ML 06 CP,SOBRA,1,João Victor Silva Leal,Natan Silva Medeiros Júnior,MISTO,Montador
2026-09-25,MATRIZ,000-7132501,7132501,JXS4C69D2,CRYSTAL PET 500ML C/G,SOBRA,3,João Victor Silva Leal,Paulo Rozani Lopes Da Silva,MISTO,Montador
2026-09-25,MATRIZ,000-7132501,7132501,JXS4C69D2,CRYSTAL PET 500ML S/G,FALTA,3,João Victor Silva Leal,Paulo Rozani Lopes Da Silva,MISTO,Montador
2026-09-25,MATRIZ,000-7132501,7132501,JXS4C69D3,COCA COLA ZERO KS 290ML,FALTA,1,João Victor Silva Leal,Adilson José Gonçalves,MISTO,Montador
2026-09-25,MATRIZ,000-7142501,7142501,HAI2518E2,DV UVA LATA 290ML,FALTA,11,João Victor Silva Leal,Leonardo Caetano Rodrigues,MISTO,Montador
2026-09-25,MATRIZ,000-7182501,7182501,RFP8G80D2,SPRITE PET 2L,INVERSAO,1,Leonardo Miguel,Natan Silva Medeiros Júnior,MISTO,Montador
2026-09-25,MATRIZ,000-7152501,7152501,MQU8E71D2,DV PESSEGO TP 200 ML (18),FALTA,2,João Victor Silva Leal,Freelancer 01,MISTO,Montador
2026-09-25,MATRIZ,000-7152501,7152501,MQU8E71D2,DV PESSEGO TP 200 ML (18),FALTA,2,Leonardo Miguel,Freelancer 01,MISTO,Montador
2026-09-25,MATRIZ,000-7152501,7152501,MQU8E71E3,SCHWEPPES TONICA LATA 350ML,INVERSAO,2,João Victor Silva Leal,Paulo Rozani Lopes Da Silva,MISTO,Montador
2026-09-25,MATRIZ,000-7412502,7412502,OWQ4406E1,FANTA LARANJA PET 600ML,FALTA,1,Leonardo Miguel,Natan Silva Medeiros Júnior,MISTO,Montador
2026-09-25,MATRIZ,000-7412502,7412502,OWQ4406E1,DV FRUT LARANJA PET 450ML,FALTA,2,Leonardo Miguel,Natan Silva Medeiros Júnior,MISTO,Montador
2026-09-28,MATRIZ,000-7322801,7322801,QXO9C83D2,COCA COLA PET 2L,SOBRA,9,João Victor Silva Leal,Freelancer 03,MISTO,Montador
2026-09-28,MATRIZ,000-7162801,7162801,MQL5679D3,MONSTER ULTR FIESTA MANGO LT473 FL CP 06,FALTA,1,João Victor Silva Leal,Felipe Rogerio Estevam Da Silva ,MISTO,Montador
2026-09-28,MATRIZ,000-7372801,7372801,KKJ5170E3,FANTA LARANJA PET 600ML,FALTA,3,João Victor Silva Leal,Leonardo Caetano Rodrigues,MISTO,Montador
2026-09-28,MATRIZ,000-7232801,7232801,TCB7H85E3,POWERADE FRUTAS TROPICAIS PET 500ML 06CP,FALTA,1,João Victor Silva Leal,Gianmiller Moraes,MISTO,Montador
2026-09-28,MATRIZ,000-7182801,7182801,RFP8G80E2,DV ABACAXI E TANGERINA TP 1L 6U CP,FALTA,1,Leonardo Miguel,Natan Silva Medeiros Júnior,MISTO,Montador
2026-09-28,MATRIZ,000-7182801,7182801,RFP8G80E2,DV ABACAXI E TANGERINA TP 1L 6U CP,INVERSAO,1,Leonardo Miguel,Natan Silva Medeiros Júnior,MISTO,Montador
2026-09-28,MATRIZ,000-7182801,7182801,RFP8G80E2,"COCA COLA SA PET 1,5L",FALTA,1,Leonardo Miguel,Natan Silva Medeiros Júnior,MISTO,Montador
2026-09-28,MATRIZ,000-7182801,7182801,RFP8G80E2,"COCA COLA SA PET 1,5L",INVERSAO,1,Leonardo Miguel,Natan Silva Medeiros Júnior,MISTO,Montador
2026-09-28,MATRIZ,000-7152801,7152801,MQU8E71D3,"COCA COLA PET 1,5L",SOBRA,5,Leonardo Miguel,Freelancer 03,MISTO,Montador
2026-09-28,MATRIZ,000-7152801,7152801,MQU8E71D3,"COCA COLA PET 1,5L",INVERSAO,6,Leonardo Miguel,Freelancer 03,MISTO,Montador
2026-09-28,MATRIZ,000-7152801,7152801,MQU8E71D3,"COCA COLA SA PET 1,5L",FALTA,6,Leonardo Miguel,Freelancer 03,MISTO,Montador
2026-09-28,MATRIZ,000-7152801,7152801,MQU8E71D3,"COCA COLA SA PET 1,5L",INVERSAO,6,Leonardo Miguel,Freelancer 03,MISTO,Montador
2026-09-28,MATRIZ,000-7152801,7152801,MQU8E71D3,DV FRUT UVA PET 450ML,FALTA,2,Leonardo Miguel,Freelancer 03,MISTO,Montador
2026-09-28,MATRIZ,000-7152801,7152801,MQU8E71D3,POWERADE UVA PET 500ML,SOBRA,2,Leonardo Miguel,Freelancer 03,MISTO,Montador
2026-09-28,MATRIZ,000-7132801,7132801,JXS4C69D3,SPRITE PET 200ML 12U FI MAIN,SOBRA,2,Leonardo Miguel,Gianmiller Moraes,MISTO,Montador
2026-09-28,MATRIZ,000-7132801,7132801,JXS4C69D3,SPRITE ZERO PET 200ML 12U FI MAINLINE,FALTA,2,Leonardo Miguel,Gianmiller Moraes,MISTO,Montador
2026-09-28,MATRIZ,000-7132801,7132801,JXS4C69D3,SPRITE PET 600ML,SOBRA,2,Leonardo Miguel,Gianmiller Moraes,MISTO,Montador
2026-09-28,MATRIZ,000-7132801,7132801,JXS4C69D3,FANTA GUAR MINILINE PET 200ML,FALTA,1,Leonardo Miguel,Gianmiller Moraes,MISTO,Montador
2026-09-28,MATRIZ,000-7182801,7182801,RFP8G80D1,FANTA LARANJA LATA 350ML 12UN,FALTA,3,Leonardo Miguel,Freelancer 01,MISTO,Montador
2026-09-28,MATRIZ,000-7382801,7382801,KKJ5250D3,MONSTER VIOLETA LATA 473ML,FALTA,2,Leonardo Miguel,Freelancer 03,MISTO,Montador
2026-09-28,MATRIZ,000-7382801,7382801,KKJ5250D3,CC SEM ACUCAR MINI LATA 220ML,FALTA,28,Leonardo Miguel,Freelancer 03,MISTO,Montador
2026-09-29,MATRIZ,000-7122901,7122901,DJB5C58E2,COCA COLA RETORNAVEL 2L,SOBRA,1,Geci De Paula,Natan Silva Medeiros Júnior,MISTO,Montador
2026-09-29,MATRIZ,000-7132901,7132901,JXS4C69D2,CC SEM ACUCAR PET 600ML 6UN,SOBRA,4,Geci De Paula,Natan Silva Medeiros Júnior,MISTO,Montador
2026-09-29,MATRIZ,000-7132901,7132901,JXS4C69D2,CRYSTAL PET 500ML S/G,SOBRA,3,Geci De Paula,Natan Silva Medeiros Júnior,MISTO,Montador
2026-09-29,MATRIZ,000-7132901,7132901,JXS4C69D2,COCA COLA PET 600ML,SOBRA,2,Geci De Paula,Natan Silva Medeiros Júnior,MISTO,Montador
2026-09-29,MATRIZ,000-7372901,7372901,KKJ5170D3,COCA COLA ZERO KS 290ML,SOBRA,3,Geci De Paula,Geraldo Teixeira Baia Junior,MISTO,Montador
2026-09-29,MATRIZ,000-7162901,7162901,MQL5679E3,FANTA LARANJA LATA 350ML 12UN,FALTA,3,Geci De Paula,Adilson José Gonçalves,MISTO,Montador
2026-09-30,MATRIZ,000-7323001,7323001,QXO9C83E3,COCA COLA MAINLINE PET 200ML,SOBRA,34,Geci De Paula,Geraldo Teixeira Baia Junior,MISTO,Montador
2026-09-30,MATRIZ,000-7323001,7323001,QXO9C83E3,SPRITE PET 200ML 12U FI MAIN,SOBRA,3,Geci De Paula,Geraldo Teixeira Baia Junior,MISTO,Montador
2026-09-30,MATRIZ,000-7323001,7323001,QXO9C83D5,COCA COLA PET 2L,FALTA,15,Geci De Paula,Felipe Rogerio Estevam Da Silva ,MISTO,Montador
2026-09-30,MATRIZ,000-7323001,7323001,QXO9C83D4,POWERADE LIMAO PET 500ML 06,FALTA,1,Geci De Paula,Leonardo Caetano Rodrigues,MISTO,Montador
2026-09-30,MATRIZ,000-7323001,7323001,QXO9C83D3,CC SEM ACUCAR RETORNAVEL 2L,FALTA,1,Geci De Paula,Freelancer 02,MISTO,Montador
2026-09-30,MATRIZ,000-7323001,7323001,QXO9C83E4,MONSTER PACIFIC PUN LATA 473ML,FALTA,1,Geci De Paula,Geraldo Teixeira Baia Junior,MISTO,Montador
2026-09-30,MATRIZ,000-7253001,7253001,TCL0I17D3,FANTA UVA LATA 350ML,INVERSAO,14,Geci De Paula,Geraldo Teixeira Baia Junior,MISTO,Montador
2026-09-30,MATRIZ,000-7253001,7253001,TCL0I17D3,FANTA UVA MINI LATA 220ML,SOBRA,14,Geci De Paula,Geraldo Teixeira Baia Junior,MISTO,Montador
2026-09-30,MATRIZ,000-7253001,7253001,TCL0I17E2,COCA COLA PET 600ML,SOBRA,1,Geci De Paula,Freelancer 02,MISTO,Montador
2026-09-30,MATRIZ,000-7253001,7253001,TCL0I17E2,POWERADE MOUTAIN BLA PET 500ML,FALTA,1,Geci De Paula,Freelancer 02,MISTO,Montador
2026-09-30,MATRIZ,000-7253001,7253001,TCL0I17D2,SPRITE PET 2L,FALTA,2,Geci De Paula,Freelancer 01,MISTO,Montador
2026-09-30,MATRIZ,000-7413001,7413001,OWQ4406D2,COCA COLA PET 2L,SOBRA,3,Geci De Paula,Freelancer 01,MISTO,Montador
2026-09-30,MATRIZ,000-7373001,7373001,KKJ5170D2,FANTA UVA PET 600ML,FALTA,1,Geci De Paula,Adilson José Gonçalves,MISTO,Montador
2026-09-30,MATRIZ,000-7373001,7373001,KKJ5170D2,FANTA LARANJA PET 600ML,FALTA,1,Geci De Paula,Adilson José Gonçalves,MISTO,Montador
2026-09-30,MATRIZ,000-7193001,7193001,KZX0905D4,DV KAPO MORANGO TP 200ML,FALTA,2,Geci De Paula,Leonardo Caetano Rodrigues,MISTO,Montador
2026-09-30,MATRIZ,000-7383001,7383001,KKJ5250D2,DV UVA LATA 290ML,SOBRA,2,Geci De Paula,Gianmiller Moraes,MISTO,Montador
2026-09-30,MATRIZ,000-7403001,7403001,PUN0E10E2,POWERADE MOUTAIN BLA PET 500ML,FALTA,2,Geci De Paula,Paulo Rozani Lopes Da Silva,MISTO,Montador
2026-09-30,MATRIZ,000-7273001,7273001,TCX9E62D2,POWERADE LARANJA PET 500ML 06,INVERSAO,4,Geci De Paula,Natan Silva Medeiros Júnior,MISTO,Montador
2026-09-30,MATRIZ,000-7273001,7273001,TCX9E62D2,POWERADE TANGERINA PET 500ML,INVERSAO,4,Geci De Paula,Natan Silva Medeiros Júnior,MISTO,Montador
2026-10-01,MATRIZ,000-7250101,7250101,TCL0I17E1,DV UVA LATA 290ML,SOBRA,3,Geci De Paula,Freelancer 04,MISTO,Montador
2026-10-01,MATRIZ,000-7290101,7290101,OWV5H27D2,FANTA LARANJA LATA 350ML 12UN,SOBRA,1,Geci De Paula,Natan Silva Medeiros Júnior,MISTO,Montador
2026-10-01,MATRIZ,000-7290101,7290101,OWV5H27E6,MONSTER ENERGY LATA 269ML,INVERSAO,1,Geci De Paula,Freelancer 02,MISTO,Montador
2026-10-01,MATRIZ,000-7290101,7290101,OWV5H27E3,DV MAIS PESSEGO TP 1L,FALTA,2,Geci De Paula,Freelancer 04,MISTO,Montador
2026-10-01,MATRIZ,000-7230101,7230101,TCB7H85D1,CRYSTAL PET 500ML C/G,FALTA,1,Geci De Paula,Geraldo Teixeira Baia Junior,MISTO,Montador
2026-10-01,MATRIZ,000-7170101,7170101,HOB4C81D3,DV ABACAXI E TANGERINA TP 1L 6U CP,INVERSAO,3,Geci De Paula,Freelancer 02,MISTO,Montador
2026-10-01,MATRIZ,000-7170101,7170101,HOB4C81E3,DV KAPO UVA TP 200ML,INVERSAO,3,Geci De Paula,Leonardo Caetano Rodrigues,MISTO,Montador
2026-10-01,MATRIZ,000-7120101,7120101,DJB5C58D3,MONSTER MANGO LOCO LATA 473ML,FALTA,3,Geci De Paula,Adilson José Gonçalves,MISTO,Montador
2026-10-01,MATRIZ,000-7120101,7120101,DJB5C58D1,SPRITE LEMON FRESH 510ML 6U,SOBRA,3,Geci De Paula,Natan Silva Medeiros Júnior,MISTO,Montador
2026-10-01,MATRIZ,000-7120101,7120101,DJB5C58D1,"SPRITE LEMON FRESH PET 1,5L",FALTA,3,Geci De Paula,Natan Silva Medeiros Júnior,MISTO,Montador
2026-10-01,MATRIZ,000-7120101,7120101,DJB5C58E3,FANTA LARANJA PET 600ML,SOBRA,5,Geci De Paula,Freelancer 02,MISTO,Montador
2026-10-01,MATRIZ,000-7120101,7120101,DJB5C58E3,COCA COLA PET 1L,FALTA,1,Geci De Paula,Freelancer 02,MISTO,Montador
2026-10-01,MATRIZ,000-7130101,7130101,JXS4C69D2,POWERADE MOUTAIN BLA PET 500ML,FALTA,5,Geci De Paula,Geraldo Teixeira Baia Junior,MISTO,Montador
2026-10-01,MATRIZ,000-7140101,7140101,HAI2518E2,DV KAPO UVA TP 200ML,FALTA,1,Geci De Paula,Leonardo Caetano Rodrigues,MISTO,Montador
2026-10-01,MATRIZ,000-7150101,7150101,MQU8E71D3,DV KAPO MORANGO TP 200ML,FALTA,4,Geci De Paula,Geraldo Teixeira Baia Junior,MISTO,Montador
2026-10-01,MATRIZ,000-7140101,7140101,HAI2518D3,MONSTER ENERGY LATA 473ML,SOBRA,15,Geci De Paula,Freelancer 04,MISTO,Montador
2026-10-01,MATRIZ,000-7150101,7150101,MQU8E71E1,DV UVA LATA 290ML,FALTA,1,Geci De Paula,Natan Silva Medeiros Júnior,MISTO,Montador
2026-10-01,MATRIZ,000-7150101,7150101,MQU8E71D2,DV GOIABA SA LATA 290ML,INVERSAO,2,Geci De Paula,Felipe Rogerio Estevam Da Silva ,MISTO,Montador
2026-10-01,MATRIZ,000-7150101,7150101,MQU8E71D2,CC SEM ACUCAR PET 600ML 6UN,SOBRA,1,Geci De Paula,Felipe Rogerio Estevam Da Silva ,MISTO,Montador
2026-10-01,MATRIZ,000-7190101,7190101,KZX0905E4,KAISER PILSEN LATA 350ML,INVERSAO,2,Geci De Paula,Freelancer 02,MISTO,Montador
2026-10-01,MATRIZ,000-7140101,7140101,HAI2518DESTILADO E ALIMENTOS,,INVERSAO,3,Luciano Costa De Aguilar,Pedro Lucas Procópio dos Santos,CAIXA - UNITARIOS,Montador
2026-10-01,MATRIZ,000-7190101,7190101,KZX0905DESTILADO E ALIMENTOS,,INVERSAO,1,Luciano Costa De Aguilar,Pedro Lucas Procópio dos Santos,CAIXA - UNITARIOS,Montador
2026-10-01,MATRIZ,000-7190101,7190101,KZX0905DESTILADO E ALIMENTOS,,INVERSAO,1,Luciano Costa De Aguilar,Pedro Lucas Procópio dos Santos,CAIXA - UNITARIOS,Montador
2026-10-02,MATRIZ,000-7250201,7250201,TCL0I17E2,POWERADE UVA PET 500ML,SOBRA,2,Geci De Paula,Freelancer 01,MISTO,Montador
2026-10-02,MATRIZ,000-7120201,7120201,DJB5C58E2,MONSTER ENERGY ZERO ACUCAR 473ML 06 CP,SOBRA,15,Geci De Paula,Natan Silva Medeiros Júnior,MISTO,Montador
2026-10-02,MATRIZ,000-7190201,7190201,KZX0905D4,DV MAIS UVA TP 1L,SOBRA,1,Geci De Paula,Freelancer 03,MISTO,Montador
2026-10-02,MATRIZ,000-7190201,7190201,KZX0905D4,DV MAIS PESSEGO TP 1L,INVERSAO,1,Geci De Paula,Freelancer 03,MISTO,Montador
2026-10-02,MATRIZ,000-7190201,7190201,KZX0905D4,DV PESSEGO TP 200 ML (18),FALTA,1,Geci De Paula,Freelancer 03,MISTO,Montador
2026-10-02,MATRIZ,000-7190201,7190201,KZX0905D4,DV UVA TP 200ML (18),INVERSAO,1,Geci De Paula,Freelancer 03,MISTO,Montador
2026-10-02,MATRIZ,000-7380201,7380201,KKJ5250D3,THZ SEM GLUTEN LT 473ML CARTONADO 2X6,INVERSAO,1,Geci De Paula,Freelancer 02,MISTO,Montador
2026-10-02,MATRIZ,000-7380201,7380201,KKJ5250D1,CC SEM ACUCAR PET 2L 8UN,FALTA,9,Geci De Paula,Geraldo Teixeira Baia Junior,MISTO,Montador
2026-10-02,MATRIZ,000-7140201,7140201,HAI2518D2,DV MAIS UVA TP 1L,SOBRA,2,Geci De Paula,Freelancer 03,MISTO,Montador
2026-10-02,MATRIZ,000-7140201,7140201,HAI2518D2,DV UVA TP 200ML (18),INVERSAO,2,Geci De Paula,Freelancer 03,MISTO,Montador
2026-10-02,MATRIZ,000-7150201,7150201,MQU8E71D2,CRYSTAL PET 500ML S/G,SOBRA,2,Geci De Paula,Freelancer 04,MISTO,Montador
2026-10-02,MATRIZ,000-7300201,7300201,OWV8A20D3,DV FRUT LARANJA PET 1L,FALTA,1,Geci De Paula,Freelancer 04,MISTO,Montador
2026-10-02,MATRIZ,000-7180201,7180201,RFP8G80D3,MONSTER ENERGY LATA 473ML,SOBRA,8,Geci De Paula,Natan Silva Medeiros Júnior,MISTO,Montador
2026-10-02,MATRIZ,000-7180201,7180201,RFP8G80D3,MONSTER ENERGY ZERO ACUCAR 473ML 06 CP,FALTA,8,Geci De Paula,Natan Silva Medeiros Júnior,MISTO,Montador
2026-10-02,MATRIZ,000-7300201,7300201,OWV8A20E4,CC SEM ACUCAR MINI LATA 220ML,FALTA,1,Geci De Paula,Gianmiller Moraes,MISTO,Montador
2026-10-02,MATRIZ,000-7300201,7300201,OWV8A20E4,FANTA UVA MINI LATA 220ML,INVERSAO,12,Geci De Paula,Gianmiller Moraes,MISTO,Montador
2026-10-02,MATRIZ,000-7300201,7300201,OWV8A20E4,SPRITE MINI LATA 220ML,INVERSAO,12,Geci De Paula,Gianmiller Moraes,MISTO,Montador
2026-10-02,MATRIZ,000-7300201,7300201,OWV8A20E4,SPRITE LATA 350ML,SOBRA,6,Geci De Paula,Gianmiller Moraes,MISTO,Montador
2026-10-02,MATRIZ,000-7300201,7300201,OWV8A20E4,FANTA UVA LATA 350ML,SOBRA,7,Geci De Paula,Gianmiller Moraes,MISTO,Montador
2026-10-02,MATRIZ,000-7300201,7300201,OWV8A20E4,DV MANGA LATA 290ML,FALTA,1,Geci De Paula,Gianmiller Moraes,MISTO,Montador
