"data_operacao","montador","tempo_medio_montagem","tempo_med_format"
2026-09-02,Cleiton Aparecido Da Costa,48.35,"00:48:21"
2026-09-02,Geraldo Teixeira Baia Junior,31.14,"00:31:08.6"
2026-09-02,Leonardo Caetano Rodrigues,57.18,"00:57:10.666667"
2026-09-02,Marcos Vinicio Alves Pessoa,76.82,"01:16:49"
2026-09-03,Geraldo Teixeira Baia Junior,41.42,"00:41:25.375"
2026-09-03,Marcos Vinicio Alves Pessoa,29.40,"00:29:23.888889"
2026-09-03,Natan Silva Medeiros Júnior,18.62,"00:18:37.181818"
2026-09-03,Pedro Lucas Procópio dos Santos,30.95,"00:30:57"
2026-09-04,Geraldo Teixeira Baia Junior,21.57,"00:21:34"
2026-09-04,Gianmiller Moraes,19.90,"00:19:54.1"
2026-09-04,Marcos Vinicio Alves Pessoa,19.73,"00:19:43.7"
2026-09-04,Natan Silva Medeiros Júnior,22.74,"00:22:44.444444"
2026-09-04,Pedro Lucas Procópio dos Santos,31.34,"00:31:20.375"
2026-09-07,Gianmiller Moraes,40.01,"00:40:00.625"
2026-09-07,Marcos Vinicio Alves Pessoa,25.03,"00:25:01.833333"
2026-09-07,Natan Silva Medeiros Júnior,20.09,"00:20:05.166667"
2026-09-07,Pedro Lucas Procópio dos Santos,16.50,"00:16:30.142857"
2026-09-08,Denilton Batista Dos Santos,33.98,"00:33:58.75"
2026-09-08,Felipe Rogerio Estevam Da Silva ,36.06,"00:36:03.5"
2026-09-08,Gianmiller Moraes,39.97,"00:39:58"
2026-09-08,Leonardo Caetano Rodrigues,30.69,"00:30:41.5"
2026-09-08,Marcos Vinicio Alves Pessoa,36.39,"00:36:23.666667"
2026-09-08,Natan Silva Medeiros Júnior,41.90,"00:41:53.833333"
2026-09-08,Pedro Lucas Procópio dos Santos,19.13,"00:19:07.6"
2026-09-09,Denilton Batista Dos Santos,34.62,"00:34:37.333333"
2026-09-09,Felipe Rogerio Estevam Da Silva ,15.65,"00:15:39.0625"
2026-09-09,Gianmiller Moraes,59.03,"00:59:01.833333"
2026-09-09,Leonardo Caetano Rodrigues,19.31,"00:19:18.75"
2026-09-09,Marcos Vinicio Alves Pessoa,27.18,"00:27:11.090909"
2026-09-09,Natan Silva Medeiros Júnior,34.87,"00:34:52.142857"
2026-09-09,Pedro Lucas Procópio dos Santos,16.72,"00:16:43.266667"
2026-09-10,Denilton Batista Dos Santos,37.12,"00:37:07.5"
2026-09-10,Felipe Rogerio Estevam Da Silva ,23.30,"00:23:17.818182"
2026-09-10,Geraldo Teixeira Baia Junior,37.21,"00:37:12.5"
2026-09-10,Gianmiller Moraes,37.57,"00:37:33.857143"
2026-09-10,Leonardo Caetano Rodrigues,17.90,"00:17:54.181818"
2026-09-10,Marcos Vinicio Alves Pessoa,33.56,"00:33:33.375"
2026-09-10,Natan Silva Medeiros Júnior,41.30,"00:41:18.166667"
2026-09-10,Pedro Lucas Procópio dos Santos,20.29,"00:20:17.5"
2026-09-10,Wallace Christian Gomes Esteves   ,33.17,"00:33:10"
2026-09-11,Denilton Batista Dos Santos,45.09,"00:45:05.5"
2026-09-11,Felipe Rogerio Estevam Da Silva ,22.03,"00:22:02"
2026-09-11,Gianmiller Moraes,34.94,"00:34:56.625"
2026-09-11,Leonardo Caetano Rodrigues,15.11,"00:15:06.866667"
2026-09-11,Marcos Vinicio Alves Pessoa,23.83,"00:23:49.727273"
2026-09-11,Natan Silva Medeiros Júnior,25.85,"00:25:50.75"
2026-09-11,Pedro Lucas Procópio dos Santos,20.93,"00:20:55.916667"
2026-09-11,Wallace Christian Gomes Esteves   ,15.74,"00:15:44.2"
2026-09-11,Wanderson Felipe De Almeida Santos,20.56,"00:20:33.769231"
2026-09-14,Adilson José Gonçalves,25.54,"00:25:32.428571"
2026-09-14,Denilton Batista Dos Santos,58.60,"00:58:36.166667"
2026-09-14,Felipe Rogerio Estevam Da Silva ,19.44,"00:19:26.166667"
2026-09-14,Geraldo Teixeira Baia Junior,30.13,"00:30:07.571429"
2026-09-14,Gianmiller Moraes,81.55,"01:21:33"
2026-09-14,Leonardo Caetano Rodrigues,21.26,"00:21:15.5"
2026-09-14,Leonardo Miguel,14.38,"00:14:23"
2026-09-14,Marcos Vinicio Alves Pessoa,36.88,"00:36:52.9"
2026-09-14,Natan Silva Medeiros Júnior,26.84,"00:26:50.090909"
2026-09-14,Pedro Lucas Procópio dos Santos,25.34,"00:25:20.545455"
2026-09-14,Wallace Christian Gomes Esteves   ,12.60,"00:12:36"
2026-09-15,Felipe Rogerio Estevam Da Silva ,18.09,"00:18:05.6"
2026-09-15,Geraldo Teixeira Baia Junior,15.68,"00:15:41"
2026-09-15,Gianmiller Moraes,33.86,"00:33:51.857143"
2026-09-15,Leonardo Caetano Rodrigues,16.28,"00:16:17.2"
2026-09-15,Marcos Vinicio Alves Pessoa,49.06,"00:49:03.4"
2026-09-15,Natan Silva Medeiros Júnior,27.41,"00:27:24.833333"
2026-09-15,Pedro Lucas Procópio dos Santos,32.06,"00:32:03.428571"
2026-09-16,Adilson José Gonçalves,17.31,"00:17:18.5"
2026-09-16,Denilton Batista Dos Santos,52.63,"00:52:37.5"
2026-09-16,Felipe Rogerio Estevam Da Silva ,22.53,"00:22:31.583333"
2026-09-16,Gianmiller Moraes,34.16,"00:34:09.6"
2026-09-16,Leonardo Caetano Rodrigues,14.81,"00:14:48.846154"
2026-09-16,Marcos Vinicio Alves Pessoa,25.15,"00:25:08.636364"
2026-09-16,Natan Silva Medeiros Júnior,18.88,"00:18:52.777778"
2026-09-16,Pedro Lucas Procópio dos Santos,18.55,"00:18:33"
2026-09-17,Adilson José Gonçalves,19.19,"00:19:11.25"
2026-09-17,Denilton Batista Dos Santos,38.71,"00:38:42.571429"
2026-09-17,Felipe Rogerio Estevam Da Silva ,21.93,"00:21:55.8"
2026-09-17,Geraldo Teixeira Baia Junior,34.43,"00:34:26"
2026-09-17,Gianmiller Moraes,24.09,"00:24:05.625"
2026-09-17,Leonardo Caetano Rodrigues,17.39,"00:17:23.153846"
2026-09-17,Marcos Vinicio Alves Pessoa,24.80,"00:24:48.25"
2026-09-17,Natan Silva Medeiros Júnior,19.69,"00:19:41.222222"
2026-09-17,Pedro Lucas Procópio dos Santos,11.03,"00:11:01.833333"
2026-09-18,Adilson José Gonçalves,21.04,"00:21:02.333333"
2026-09-18,Denilton Batista Dos Santos,27.39,"00:27:23.333333"
2026-09-18,Gianmiller Moraes,24.77,"00:24:45.888889"
2026-09-18,Leonardo Caetano Rodrigues,14.57,"00:14:34.111111"
2026-09-18,Leonardo Miguel,8.24,"00:08:14.363636"
2026-09-18,Marcos Vinicio Alves Pessoa,32.72,"00:32:43.222222"
2026-09-18,Natan Silva Medeiros Júnior,15.26,"00:15:15.363636"
2026-09-18,Pedro Lucas Procópio dos Santos,11.94,"00:11:56.571429"
2026-09-21,Adilson José Gonçalves,25.14,"00:25:08.230769"
2026-09-21,Denilton Batista Dos Santos,64.55,"01:04:32.833333"
2026-09-21,Felipe Rogerio Estevam Da Silva ,21.08,"00:21:04.823529"
2026-09-21,Geraldo Teixeira Baia Junior,31.40,"00:31:24"
2026-09-21,Gianmiller Moraes,46.04,"00:46:02.571429"
2026-09-21,Leonardo Caetano Rodrigues,16.89,"00:16:53.368421"
2026-09-21,Marcos Vinicio Alves Pessoa,40.05,"00:40:02.777778"
2026-09-21,Natan Silva Medeiros Júnior,28.07,"00:28:04"
2026-09-21,Pedro Lucas Procópio dos Santos,18.03,"00:18:01.777778"
2026-09-22,Adilson José Gonçalves,15.06,"00:15:03.333333"
2026-09-22,Denilton Batista Dos Santos,34.48,"00:34:28.5"
2026-09-22,Felipe Rogerio Estevam Da Silva ,15.98,"00:15:58.666667"
2026-09-22,Freelancer 01,19.86,"00:19:51.444444"
2026-09-22,Freelancer 02,20.73,"00:20:43.75"
2026-09-22,Gianmiller Moraes,27.54,"00:27:32.333333"
2026-09-22,Leonardo Caetano Rodrigues,15.88,"00:15:52.636364"
2026-09-22,Marcos Vinicio Alves Pessoa,24.42,"00:24:25.142857"
2026-09-22,Natan Silva Medeiros Júnior,29.53,"00:29:31.833333"
2026-09-22,Paulo Rozani Lopes Da Silva,28.11,"00:28:06.333333"
2026-09-22,Pedro Lucas Procópio dos Santos,8.26,"00:08:15.6"
2026-09-23,Adilson José Gonçalves,17.57,"00:17:34"
2026-09-23,Felipe Rogerio Estevam Da Silva ,17.61,"00:17:36.647059"
2026-09-23,Freelancer 01,18.18,"00:18:10.692308"
2026-09-23,Freelancer 02,18.90,"00:18:54.166667"
2026-09-23,Freelancer 03,29.40,"00:29:24"
2026-09-23,Gianmiller Moraes,36.02,"00:36:01.285714"
2026-09-23,Leonardo Caetano Rodrigues,16.30,"00:16:17.823529"
2026-09-23,Marcos Vinicio Alves Pessoa,39.68,"00:39:40.777778"
2026-09-23,Natan Silva Medeiros Júnior,24.88,"00:24:52.9"
2026-09-23,Paulo Rozani Lopes Da Silva,25.76,"00:25:45.6"
2026-09-23,Pedro Lucas Procópio dos Santos,14.07,"00:14:04"
2026-09-24,Adilson José Gonçalves,19.78,"00:19:47"
2026-09-24,Denilton Batista Dos Santos,52.00,"00:52:00.285714"
2026-09-24,Felipe Rogerio Estevam Da Silva ,18.95,"00:18:56.6875"
2026-09-24,Freelancer 02,26.35,"00:26:20.714286"
2026-09-24,Geraldo Teixeira Baia Junior,21.26,"00:21:15.538462"
2026-09-24,Gianmiller Moraes,22.64,"00:22:38.416667"
2026-09-24,Leonardo Caetano Rodrigues,20.11,"00:20:06.4375"
2026-09-24,Marcos Vinicio Alves Pessoa,32.20,"00:32:12.272727"
2026-09-24,Natan Silva Medeiros Júnior,31.81,"00:31:48.333333"
2026-09-24,Paulo Rozani Lopes Da Silva,32.29,"00:32:17.428571"
2026-09-24,Pedro Lucas Procópio dos Santos,33.33,"00:33:19.666667"
2026-09-25,Adilson José Gonçalves,10.35,"00:10:20.8"
2026-09-25,Denilton Batista Dos Santos,23.27,"00:23:16.2"
2026-09-25,Freelancer 01,18.44,"00:18:26.25"
2026-09-25,Freelancer 02,18.90,"00:18:53.833333"
2026-09-25,Freelancer 03,20.76,"00:20:45.25"
2026-09-25,Geraldo Teixeira Baia Junior,13.72,"00:13:42.833333"
2026-09-25,Gianmiller Moraes,20.14,"00:20:08.2"
2026-09-25,Leonardo Caetano Rodrigues,12.80,"00:12:47.842105"
2026-09-25,Marcos Vinicio Alves Pessoa,21.10,"00:21:06.2"
2026-09-25,Natan Silva Medeiros Júnior,18.10,"00:18:06.2"
2026-09-25,Paulo Rozani Lopes Da Silva,47.00,"00:47:00"
2026-09-28,Adilson José Gonçalves,18.25,"00:18:15.076923"
2026-09-28,Denilton Batista Dos Santos,27.59,"00:27:35.416667"
2026-09-28,Felipe Rogerio Estevam Da Silva ,26.00,"00:26:00.066667"
2026-09-28,Freelancer 01,16.99,"00:16:59.529412"
2026-09-28,Freelancer 03,25.93,"00:25:55.666667"
2026-09-28,Freelancer 04,42.88,"00:42:52.5"
2026-09-28,Geraldo Teixeira Baia Junior,30.19,"00:30:11.4"
2026-09-28,Gianmiller Moraes,56.77,"00:56:46.428571"
2026-09-28,Leonardo Caetano Rodrigues,24.20,"00:24:12.230769"
2026-09-28,Marcos Vinicio Alves Pessoa,21.80,"00:21:48"
2026-09-28,Natan Silva Medeiros Júnior,30.19,"00:30:11.333333"
2026-09-28,Paulo Rozani Lopes Da Silva,35.60,"00:35:35.888889"
2026-09-28,Pedro Lucas Procópio dos Santos,37.76,"00:37:45.333333"
2026-09-29,Adilson José Gonçalves,21.48,"00:21:28.7"
2026-09-29,Felipe Rogerio Estevam Da Silva ,17.81,"00:17:48.615385"
2026-09-29,Freelancer 02,21.73,"00:21:43.888889"
2026-09-29,Geraldo Teixeira Baia Junior,18.80,"00:18:47.777778"
2026-09-29,Gianmiller Moraes,26.71,"00:26:42.714286"
2026-09-29,Leonardo Caetano Rodrigues,16.33,"00:16:19.846154"
2026-09-29,Natan Silva Medeiros Júnior,19.40,"00:19:24"
2026-09-29,Pedro Lucas Procópio dos Santos,18.43,"00:18:25.75"
2026-09-30,Adilson José Gonçalves,15.75,"00:15:44.846154"
2026-09-30,Felipe Rogerio Estevam Da Silva ,21.61,"00:21:36.708333"
2026-09-30,Freelancer 01,13.96,"00:13:57.928571"
2026-09-30,Freelancer 02,22.40,"00:22:24.176471"
2026-09-30,Freelancer 04,26.50,"00:26:30.222222"
2026-09-30,Geraldo Teixeira Baia Junior,33.21,"00:33:12.777778"
2026-09-30,Gianmiller Moraes,27.38,"00:27:22.928571"
2026-09-30,José Montador,0.15,"00:00:08.666667"
2026-09-30,Leonardo Caetano Rodrigues,18.05,"00:18:03.043478"
2026-09-30,Marcos Vinicio Alves Pessoa,33.12,"00:33:07.266667"
2026-09-30,Natan Silva Medeiros Júnior,25.05,"00:25:03.133333"
2026-09-30,Paulo Rozani Lopes Da Silva,38.82,"00:38:49.363636"
2026-09-30,Pedro Lucas Procópio dos Santos,14.20,"00:14:12.166667"
